-- ============================================================
-- DDL - REGISTRO ACADÉMICO FACULTAD DE INGENIERÍA USAC
-- Base de Datos: Oracle
-- Proyecto 1 - Sistemas de Bases de Datos 1 - 1S 2026
-- ============================================================

-- ============================================================
-- SECCIÓN 1: ELIMINACIÓN DE TABLAS (en orden inverso de FK)
-- ============================================================

BEGIN
  EXECUTE IMMEDIATE 'DROP TABLE HORARIO CASCADE CONSTRAINTS';
EXCEPTION WHEN OTHERS THEN NULL; END;
/
BEGIN
  EXECUTE IMMEDIATE 'DROP TABLE ASIGNACION CASCADE CONSTRAINTS';
EXCEPTION WHEN OTHERS THEN NULL; END;
/
BEGIN
  EXECUTE IMMEDIATE 'DROP TABLE PRERREQUISITO CASCADE CONSTRAINTS';
EXCEPTION WHEN OTHERS THEN NULL; END;
/
BEGIN
  EXECUTE IMMEDIATE 'DROP TABLE PENSUM CASCADE CONSTRAINTS';
EXCEPTION WHEN OTHERS THEN NULL; END;
/
BEGIN
  EXECUTE IMMEDIATE 'DROP TABLE SECCION CASCADE CONSTRAINTS';
EXCEPTION WHEN OTHERS THEN NULL; END;
/
BEGIN
  EXECUTE IMMEDIATE 'DROP TABLE INSCRIPCION CASCADE CONSTRAINTS';
EXCEPTION WHEN OTHERS THEN NULL; END;
/
BEGIN
  EXECUTE IMMEDIATE 'DROP TABLE PLAN CASCADE CONSTRAINTS';
EXCEPTION WHEN OTHERS THEN NULL; END;
/
BEGIN
  EXECUTE IMMEDIATE 'DROP TABLE SALON CASCADE CONSTRAINTS';
EXCEPTION WHEN OTHERS THEN NULL; END;
/
BEGIN
  EXECUTE IMMEDIATE 'DROP TABLE PERIODO CASCADE CONSTRAINTS';
EXCEPTION WHEN OTHERS THEN NULL; END;
/
BEGIN
  EXECUTE IMMEDIATE 'DROP TABLE DIA CASCADE CONSTRAINTS';
EXCEPTION WHEN OTHERS THEN NULL; END;
/
BEGIN
  EXECUTE IMMEDIATE 'DROP TABLE ESTUDIANTE CASCADE CONSTRAINTS';
EXCEPTION WHEN OTHERS THEN NULL; END;
/
BEGIN
  EXECUTE IMMEDIATE 'DROP TABLE CATEDRATICO CASCADE CONSTRAINTS';
EXCEPTION WHEN OTHERS THEN NULL; END;
/
BEGIN
  EXECUTE IMMEDIATE 'DROP TABLE CURSO CASCADE CONSTRAINTS';
EXCEPTION WHEN OTHERS THEN NULL; END;
/
BEGIN
  EXECUTE IMMEDIATE 'DROP TABLE CARRERA CASCADE CONSTRAINTS';
EXCEPTION WHEN OTHERS THEN NULL; END;
/

-- ============================================================
-- SECCIÓN 2: CREACIÓN DE TABLAS
-- ============================================================

-- ------------------------------------------------------------
-- CARRERA
-- Identifica cada carrera por código y nombre.
-- ------------------------------------------------------------
CREATE TABLE CARRERA (
    CARRERA         NUMBER(5)       NOT NULL,
    NOMBRE          VARCHAR2(100)   NOT NULL,
    CONSTRAINT PK_CARRERA PRIMARY KEY (CARRERA)
);

-- ------------------------------------------------------------
-- CURSO
-- Catálogo general de cursos (código + nombre).
-- ------------------------------------------------------------
CREATE TABLE CURSO (
    CODIGOCURSO     NUMBER(5)       NOT NULL,
    NOMBRECURSO     VARCHAR2(100)   NOT NULL,
    CONSTRAINT PK_CURSO PRIMARY KEY (CODIGOCURSO)
);

-- ------------------------------------------------------------
-- CATEDRATICO
-- Docentes identificados por código, nombre y sueldo mensual.
-- ------------------------------------------------------------
CREATE TABLE CATEDRATICO (
    CATEDRATICO     NUMBER(5)       NOT NULL,
    NOMBRE          VARCHAR2(100)   NOT NULL,
    SUELDOMENSUAL   NUMBER(10,2)    NOT NULL,
    CONSTRAINT PK_CATEDRATICO PRIMARY KEY (CATEDRATICO)
);

-- ------------------------------------------------------------
-- ESTUDIANTE
-- Identificado por carnet, nombre, ingreso familiar y fecha de nacimiento.
-- ------------------------------------------------------------
CREATE TABLE ESTUDIANTE (
    CARNET              NUMBER(10)      NOT NULL,
    NOMBRE              VARCHAR2(100)   NOT NULL,
    INGRESOFAMILIAR     NUMBER(10,2)    NOT NULL,
    FECHANACIMIENTO     DATE            NOT NULL,
    CONSTRAINT PK_ESTUDIANTE PRIMARY KEY (CARNET)
);

-- ------------------------------------------------------------
-- DIA
-- Días de la semana (1=Lunes … 7=Domingo).
-- ------------------------------------------------------------
CREATE TABLE DIA (
    DIA         NUMBER(1)       NOT NULL,
    NOMBREDIA   VARCHAR2(20)    NOT NULL,
    CONSTRAINT PK_DIA PRIMARY KEY (DIA)
);

-- ------------------------------------------------------------
-- PERIODO
-- Periodos de clase identificados por código con hora inicio/fin.
-- ------------------------------------------------------------
CREATE TABLE PERIODO (
    PERIODO         NUMBER(3)       NOT NULL,
    HORARIOINICIO   VARCHAR2(10)    NOT NULL,
    HORARIOFINAL    VARCHAR2(10)    NOT NULL,
    CONSTRAINT PK_PERIODO PRIMARY KEY (PERIODO)
);

-- ------------------------------------------------------------
-- SALON
-- Salones identificados por edificio + número de salón y su capacidad.
-- ------------------------------------------------------------
CREATE TABLE SALON (
    EDIFICIO    VARCHAR2(10)    NOT NULL,
    SALON       NUMBER(5)       NOT NULL,
    CAPACIDAD   NUMBER(5)       NOT NULL,
    CONSTRAINT PK_SALON PRIMARY KEY (EDIFICIO, SALON)
);

-- ------------------------------------------------------------
-- PLAN
-- Plan de estudios por carrera: nombre, años de vigencia y créditos mínimos de cierre.
-- PK compuesta: PLAN + CARRERA (una misma clave de plan puede existir en diferentes carreras).
-- ------------------------------------------------------------
CREATE TABLE PLAN (
    PLAN                VARCHAR2(20)    NOT NULL,
    CARRERA             NUMBER(5)       NOT NULL,
    NOMBRE              VARCHAR2(50)    NOT NULL,
    ANIOINICIAL         NUMBER(4)       NOT NULL,
    CICLOINICIAL        VARCHAR2(20)    NOT NULL,
    ANIOFINAL           NUMBER(4)       NOT NULL,
    CICLOFINAL          VARCHAR2(20)    NOT NULL,
    NUMCREDITOSCIERRE   NUMBER(5)       NOT NULL,
    CONSTRAINT PK_PLAN PRIMARY KEY (PLAN, CARRERA),
    CONSTRAINT FK_PLAN_CARRERA FOREIGN KEY (CARRERA)
        REFERENCES CARRERA (CARRERA)
);

-- ------------------------------------------------------------
-- INSCRIPCION
-- Registro de la inscripción de un estudiante a una carrera.
-- Un estudiante puede inscribirse en máximo 2 carreras.
-- ------------------------------------------------------------
CREATE TABLE INSCRIPCION (
    CARRERA             NUMBER(5)   NOT NULL,
    CARNET              NUMBER(10)  NOT NULL,
    FECHAINSCRIPCION    DATE        NOT NULL,
    CONSTRAINT PK_INSCRIPCION PRIMARY KEY (CARRERA, CARNET),
    CONSTRAINT FK_INSCRIPCION_CARRERA   FOREIGN KEY (CARRERA)
        REFERENCES CARRERA (CARRERA),
    CONSTRAINT FK_INSCRIPCION_ESTUDIANTE FOREIGN KEY (CARNET)
        REFERENCES ESTUDIANTE (CARNET)
);

-- ------------------------------------------------------------
-- PENSUM
-- Pensum de estudios: relación de cursos por plan y carrera,
-- con obligatoriedad, créditos, nota de aprobación, zona mínima
-- y créditos prerrequisito.
-- ------------------------------------------------------------
CREATE TABLE PENSUM (
    CURSO_CODIGOCURSO       NUMBER(5)       NOT NULL,
    PLAN_PLAN               VARCHAR2(20)    NOT NULL,
    PLAN_CARRERA_CARRERA    NUMBER(5)       NOT NULL,
    OBLIGATORIEDAD          NUMBER(1)       NOT NULL,
    NUMCREDITOS             NUMBER(5)       NOT NULL,
    NOTAAPROBACION          NUMBER(5,2)     NOT NULL,
    ZONAMINIMA              NUMBER(5,2)     NOT NULL,
    CREDPRERREQUISITOS      NUMBER(5)       DEFAULT 0 NOT NULL,
    CONSTRAINT PK_PENSUM PRIMARY KEY (CURSO_CODIGOCURSO, PLAN_PLAN, PLAN_CARRERA_CARRERA),
    CONSTRAINT FK_PENSUM_CURSO FOREIGN KEY (CURSO_CODIGOCURSO)
        REFERENCES CURSO (CODIGOCURSO),
    CONSTRAINT FK_PENSUM_PLAN FOREIGN KEY (PLAN_PLAN, PLAN_CARRERA_CARRERA)
        REFERENCES PLAN (PLAN, CARRERA),
    CONSTRAINT CK_PENSUM_OBLIGATORIEDAD CHECK (OBLIGATORIEDAD IN (0, 1)),
    CONSTRAINT CK_PENSUM_NOTA CHECK (NOTAAPROBACION BETWEEN 0 AND 100),
    CONSTRAINT CK_PENSUM_ZONA CHECK (ZONAMINIMA BETWEEN 0 AND 100)
);

-- ------------------------------------------------------------
-- PRERREQUISITO
-- Cursos prerrequisito dentro de un plan/carrera.
-- ------------------------------------------------------------
CREATE TABLE PRERREQUISITO (
    PENSUM_CARRERA      NUMBER(5)       NOT NULL,
    PENSUM_PLAN         VARCHAR2(20)    NOT NULL,
    PENSUM_CURSO        NUMBER(5)       NOT NULL,
    CURSO_PREREQUISITO  NUMBER(5)       NOT NULL,
    CONSTRAINT PK_PRERREQUISITO PRIMARY KEY (PENSUM_CARRERA, PENSUM_PLAN, PENSUM_CURSO, CURSO_PREREQUISITO),
    CONSTRAINT FK_PRERREQ_PENSUM FOREIGN KEY (PENSUM_CURSO, PENSUM_PLAN, PENSUM_CARRERA)
        REFERENCES PENSUM (CURSO_CODIGOCURSO, PLAN_PLAN, PLAN_CARRERA_CARRERA),
    CONSTRAINT FK_PRERREQ_CURSO_PRE FOREIGN KEY (CURSO_PREREQUISITO)
        REFERENCES CURSO (CODIGOCURSO)
);

-- ------------------------------------------------------------
-- SECCION
-- Sección de un curso: identificada por SECCION+ANIO+CICLO+CURSO.
-- Cada sección tiene asignado un catedrático.
-- ------------------------------------------------------------
CREATE TABLE SECCION (
    SECCION                 VARCHAR2(5)     NOT NULL,
    ANIO                    NUMBER(4)       NOT NULL,
    CICLO                   VARCHAR2(20)    NOT NULL,
    CURSO_CODIGOCURSO       NUMBER(5)       NOT NULL,
    CATEDRATICO_CATEDRATICO NUMBER(5)       NOT NULL,
    CONSTRAINT PK_SECCION PRIMARY KEY (SECCION, ANIO, CICLO, CURSO_CODIGOCURSO),
    CONSTRAINT FK_SECCION_CURSO FOREIGN KEY (CURSO_CODIGOCURSO)
        REFERENCES CURSO (CODIGOCURSO),
    CONSTRAINT FK_SECCION_CATEDRATICO FOREIGN KEY (CATEDRATICO_CATEDRATICO)
        REFERENCES CATEDRATICO (CATEDRATICO)
);

-- ------------------------------------------------------------
-- HORARIO
-- Horario de cada sección: qué período, qué día y en qué salón
-- se imparte. PK compuesta de todos los campos.
-- ------------------------------------------------------------
CREATE TABLE HORARIO (
    SECCION_CURSO_CODIGOCURSO   NUMBER(5)       NOT NULL,
    SECCION_SECCION             VARCHAR2(5)     NOT NULL,
    SECCION_ANIO                NUMBER(4)       NOT NULL,
    SECCION_CICLO               VARCHAR2(20)    NOT NULL,
    PERIODO_PERIODO             NUMBER(3)       NOT NULL,
    DIA_DIA                     NUMBER(1)       NOT NULL,
    SALON_EDIFICIO              VARCHAR2(10)    NOT NULL,
    SALON_SALON                 NUMBER(5)       NOT NULL,
    CONSTRAINT PK_HORARIO PRIMARY KEY (
        SECCION_CURSO_CODIGOCURSO,
        SECCION_SECCION,
        SECCION_ANIO,
        SECCION_CICLO,
        PERIODO_PERIODO,
        DIA_DIA
    ),
    CONSTRAINT FK_HORARIO_SECCION FOREIGN KEY (
        SECCION_SECCION, SECCION_ANIO, SECCION_CICLO, SECCION_CURSO_CODIGOCURSO
    ) REFERENCES SECCION (SECCION, ANIO, CICLO, CURSO_CODIGOCURSO),
    CONSTRAINT FK_HORARIO_PERIODO FOREIGN KEY (PERIODO_PERIODO)
        REFERENCES PERIODO (PERIODO),
    CONSTRAINT FK_HORARIO_DIA FOREIGN KEY (DIA_DIA)
        REFERENCES DIA (DIA),
    CONSTRAINT FK_HORARIO_SALON FOREIGN KEY (SALON_EDIFICIO, SALON_SALON)
        REFERENCES SALON (EDIFICIO, SALON)
);

-- ------------------------------------------------------------
-- ASIGNACION
-- Registro de un estudiante asignado a una sección de curso,
-- con zona y nota obtenidas.
-- ------------------------------------------------------------
CREATE TABLE ASIGNACION (
    ESTUDIANTE_CARNET       NUMBER(10)      NOT NULL,
    SECCION_CODIGOCURSO     NUMBER(5)       NOT NULL,
    SECCION_SECCION         VARCHAR2(5)     NOT NULL,
    SECCION_ANIO            NUMBER(4)       NOT NULL,
    SECCION_CICLO           VARCHAR2(20)    NOT NULL,
    ZONA                    NUMBER(5,2),
    NOTA                    NUMBER(5,2),
    CONSTRAINT PK_ASIGNACION PRIMARY KEY (
        ESTUDIANTE_CARNET,
        SECCION_CODIGOCURSO,
        SECCION_SECCION,
        SECCION_ANIO,
        SECCION_CICLO
    ),
    CONSTRAINT FK_ASIGNACION_ESTUDIANTE FOREIGN KEY (ESTUDIANTE_CARNET)
        REFERENCES ESTUDIANTE (CARNET),
    CONSTRAINT FK_ASIGNACION_SECCION FOREIGN KEY (
        SECCION_SECCION, SECCION_ANIO, SECCION_CICLO, SECCION_CODIGOCURSO
    ) REFERENCES SECCION (SECCION, ANIO, CICLO, CURSO_CODIGOCURSO),
    CONSTRAINT CK_ASIGNACION_ZONA CHECK (ZONA IS NULL OR ZONA BETWEEN 0 AND 100),
    CONSTRAINT CK_ASIGNACION_NOTA CHECK (NOTA IS NULL OR NOTA BETWEEN 0 AND 100)
);


-- ============================================================
-- SECCIÓN 3: INSERTS
-- ============================================================

-- ------------------------------------------------------------
-- INSERT CARRERA
-- ------------------------------------------------------------
INSERT INTO CARRERA (CARRERA, NOMBRE) VALUES (1,  'Ingenieria Civil');
INSERT INTO CARRERA (CARRERA, NOMBRE) VALUES (2,  'Ingenieria Quimica');
INSERT INTO CARRERA (CARRERA, NOMBRE) VALUES (3,  'Ingenieria Mecanica');
INSERT INTO CARRERA (CARRERA, NOMBRE) VALUES (4,  'Ingenieria Electrica');
INSERT INTO CARRERA (CARRERA, NOMBRE) VALUES (5,  'Ingenieria Industrial');
INSERT INTO CARRERA (CARRERA, NOMBRE) VALUES (6,  'Ingenieria Mecanica Electrica');
INSERT INTO CARRERA (CARRERA, NOMBRE) VALUES (7,  'Ingenieria Mecanica Industrial');
INSERT INTO CARRERA (CARRERA, NOMBRE) VALUES (9,  'INGENIERIA EN CIENCIAS Y SISTEMAS');
INSERT INTO CARRERA (CARRERA, NOMBRE) VALUES (13, 'Ingenieria Electronica');
INSERT INTO CARRERA (CARRERA, NOMBRE) VALUES (35, 'Ingenieria Ambiental');
COMMIT;

-- ------------------------------------------------------------
-- INSERT CURSO
-- ------------------------------------------------------------
INSERT INTO CURSO VALUES (100, 'CURSO 100');
INSERT INTO CURSO VALUES (101, 'CURSO 101');
INSERT INTO CURSO VALUES (102, 'CURSO 102');
INSERT INTO CURSO VALUES (103, 'CURSO 103');
INSERT INTO CURSO VALUES (104, 'CURSO 104');
INSERT INTO CURSO VALUES (105, 'CURSO 105');
INSERT INTO CURSO VALUES (106, 'CURSO 106');
INSERT INTO CURSO VALUES (107, 'CURSO 107');
INSERT INTO CURSO VALUES (108, 'CURSO 108');
INSERT INTO CURSO VALUES (109, 'CURSO 109');
INSERT INTO CURSO VALUES (110, 'CURSO 110');
INSERT INTO CURSO VALUES (111, 'CURSO 111');
INSERT INTO CURSO VALUES (112, 'CURSO 112');
INSERT INTO CURSO VALUES (113, 'CURSO 113');
INSERT INTO CURSO VALUES (114, 'CURSO 114');
INSERT INTO CURSO VALUES (115, 'CURSO 115');
INSERT INTO CURSO VALUES (116, 'CURSO 116');
INSERT INTO CURSO VALUES (117, 'CURSO 117');
INSERT INTO CURSO VALUES (118, 'CURSO 118');
INSERT INTO CURSO VALUES (119, 'CURSO 119');
INSERT INTO CURSO VALUES (120, 'CURSO 120');
INSERT INTO CURSO VALUES (121, 'CURSO 121');
INSERT INTO CURSO VALUES (122, 'CURSO 122');
INSERT INTO CURSO VALUES (123, 'CURSO 123');
INSERT INTO CURSO VALUES (124, 'CURSO 124');
INSERT INTO CURSO VALUES (125, 'CURSO 125');
INSERT INTO CURSO VALUES (126, 'CURSO 126');
INSERT INTO CURSO VALUES (127, 'CURSO 127');
INSERT INTO CURSO VALUES (128, 'CURSO 128');
INSERT INTO CURSO VALUES (129, 'CURSO 129');
INSERT INTO CURSO VALUES (130, 'CURSO 130');
INSERT INTO CURSO VALUES (131, 'CURSO 131');
INSERT INTO CURSO VALUES (132, 'CURSO 132');
INSERT INTO CURSO VALUES (133, 'CURSO 133');
INSERT INTO CURSO VALUES (134, 'CURSO 134');
INSERT INTO CURSO VALUES (135, 'CURSO 135');
INSERT INTO CURSO VALUES (136, 'CURSO 136');
INSERT INTO CURSO VALUES (137, 'CURSO 137');
INSERT INTO CURSO VALUES (138, 'CURSO 138');
INSERT INTO CURSO VALUES (139, 'CURSO 139');
INSERT INTO CURSO VALUES (140, 'CURSO 140');
INSERT INTO CURSO VALUES (141, 'CURSO 141');
INSERT INTO CURSO VALUES (142, 'CURSO 142');
INSERT INTO CURSO VALUES (143, 'CURSO 143');
INSERT INTO CURSO VALUES (144, 'CURSO 144');
INSERT INTO CURSO VALUES (145, 'CURSO 145');
INSERT INTO CURSO VALUES (146, 'CURSO 146');
INSERT INTO CURSO VALUES (147, 'CURSO 147');
INSERT INTO CURSO VALUES (148, 'CURSO 148');
INSERT INTO CURSO VALUES (149, 'CURSO 149');
INSERT INTO CURSO VALUES (150, 'CURSO 150');
COMMIT;

-- ------------------------------------------------------------
-- INSERT CATEDRATICO
-- ------------------------------------------------------------
INSERT INTO CATEDRATICO VALUES (1,  'CATEDRATICO 1',  5650.50);
INSERT INTO CATEDRATICO VALUES (2,  'CATEDRATICO 2',  4520.00);
INSERT INTO CATEDRATICO VALUES (3,  'CATEDRATICO 3',  3895.50);
INSERT INTO CATEDRATICO VALUES (4,  'CATEDRATICO 4',  1980.45);
INSERT INTO CATEDRATICO VALUES (5,  'CATEDRATICO 5',  3585.85);
INSERT INTO CATEDRATICO VALUES (6,  'CATEDRATICO 6',  6520.25);
INSERT INTO CATEDRATICO VALUES (7,  'CATEDRATICO 7',  5650.50);
INSERT INTO CATEDRATICO VALUES (8,  'CATEDRATICO 8',  4520.00);
INSERT INTO CATEDRATICO VALUES (9,  'CATEDRATICO 9',  3895.50);
INSERT INTO CATEDRATICO VALUES (10, 'CATEDRATICO 10', 1980.45);
INSERT INTO CATEDRATICO VALUES (11, 'CATEDRATICO 11', 3585.85);
INSERT INTO CATEDRATICO VALUES (12, 'CATEDRATICO 12', 6520.25);
INSERT INTO CATEDRATICO VALUES (13, 'CATEDRATICO 13', 5650.50);
INSERT INTO CATEDRATICO VALUES (14, 'CATEDRATICO 14', 4520.00);
INSERT INTO CATEDRATICO VALUES (15, 'CATEDRATICO 15', 3895.50);
INSERT INTO CATEDRATICO VALUES (16, 'CATEDRATICO 16', 1980.45);
INSERT INTO CATEDRATICO VALUES (17, 'CATEDRATICO 17', 3585.85);
INSERT INTO CATEDRATICO VALUES (18, 'CATEDRATICO 18', 6520.25);
INSERT INTO CATEDRATICO VALUES (19, 'CATEDRATICO 19', 5650.50);
INSERT INTO CATEDRATICO VALUES (20, 'CATEDRATICO 20', 4520.00);
INSERT INTO CATEDRATICO VALUES (21, 'CATEDRATICO 21', 3895.50);
INSERT INTO CATEDRATICO VALUES (22, 'CATEDRATICO 22', 1980.45);
INSERT INTO CATEDRATICO VALUES (23, 'CATEDRATICO 23', 3585.85);
INSERT INTO CATEDRATICO VALUES (24, 'CATEDRATICO 24', 6520.25);
INSERT INTO CATEDRATICO VALUES (25, 'CATEDRATICO 25', 10000.00);
COMMIT;

-- ------------------------------------------------------------
-- INSERT ESTUDIANTE
-- Fechas en formato Oracle: TO_DATE('DD-MM-YYYY','DD-MM-YYYY')
-- ------------------------------------------------------------
INSERT INTO ESTUDIANTE VALUES (1001, 'ESTUDIANTE 1001', 15000, TO_DATE('15-01-1985','DD-MM-YYYY'));
INSERT INTO ESTUDIANTE VALUES (1002, 'ESTUDIANTE 1002', 18500, TO_DATE('16-02-1986','DD-MM-YYYY'));
INSERT INTO ESTUDIANTE VALUES (1003, 'ESTUDIANTE 1003', 14500, TO_DATE('20-03-1987','DD-MM-YYYY'));
INSERT INTO ESTUDIANTE VALUES (1004, 'ESTUDIANTE 1004', 15500, TO_DATE('20-04-1988','DD-MM-YYYY'));
INSERT INTO ESTUDIANTE VALUES (1005, 'ESTUDIANTE 1005', 15250, TO_DATE('22-05-1989','DD-MM-YYYY'));
INSERT INTO ESTUDIANTE VALUES (1006, 'ESTUDIANTE 1006', 15000, TO_DATE('23-06-1990','DD-MM-YYYY'));
INSERT INTO ESTUDIANTE VALUES (1007, 'ESTUDIANTE 1007', 14750, TO_DATE('25-07-1991','DD-MM-YYYY'));
INSERT INTO ESTUDIANTE VALUES (1008, 'ESTUDIANTE 1008', 14500, TO_DATE('25-08-1992','DD-MM-YYYY'));
INSERT INTO ESTUDIANTE VALUES (1009, 'ESTUDIANTE 1009', 14250, TO_DATE('26-09-1993','DD-MM-YYYY'));
INSERT INTO ESTUDIANTE VALUES (1010, 'ESTUDIANTE 1010', 14000, TO_DATE('28-10-1994','DD-MM-YYYY'));
INSERT INTO ESTUDIANTE VALUES (1011, 'ESTUDIANTE 1011', 13750, TO_DATE('29-11-1995','DD-MM-YYYY'));
INSERT INTO ESTUDIANTE VALUES (1012, 'ESTUDIANTE 1012', 13500, TO_DATE('30-12-1996','DD-MM-YYYY'));
INSERT INTO ESTUDIANTE VALUES (1013, 'ESTUDIANTE 1013', 13250, TO_DATE('31-01-1998','DD-MM-YYYY'));
INSERT INTO ESTUDIANTE VALUES (1014, 'ESTUDIANTE 1014', 13000, TO_DATE('04-03-1999','DD-MM-YYYY'));
INSERT INTO ESTUDIANTE VALUES (1015, 'ESTUDIANTE 1015', 12750, TO_DATE('04-04-2000','DD-MM-YYYY'));
INSERT INTO ESTUDIANTE VALUES (1016, 'ESTUDIANTE 1016', 12500, TO_DATE('06-05-2001','DD-MM-YYYY'));
INSERT INTO ESTUDIANTE VALUES (1017, 'ESTUDIANTE 1017', 12250, TO_DATE('07-06-2002','DD-MM-YYYY'));
INSERT INTO ESTUDIANTE VALUES (1018, 'ESTUDIANTE 1018', 12000, TO_DATE('09-07-2003','DD-MM-YYYY'));
INSERT INTO ESTUDIANTE VALUES (1019, 'ESTUDIANTE 1019', 11750, TO_DATE('09-08-2004','DD-MM-YYYY'));
INSERT INTO ESTUDIANTE VALUES (1020, 'ESTUDIANTE 1020', 11500, TO_DATE('10-09-2005','DD-MM-YYYY'));
COMMIT;

-- ------------------------------------------------------------
-- INSERT DIA
-- ------------------------------------------------------------
INSERT INTO DIA VALUES (1, 'LUNES');
INSERT INTO DIA VALUES (2, 'MARTES');
INSERT INTO DIA VALUES (3, 'MIERCOLES');
INSERT INTO DIA VALUES (4, 'JUEVES');
INSERT INTO DIA VALUES (5, 'VIERNES');
INSERT INTO DIA VALUES (6, 'SABADO');
INSERT INTO DIA VALUES (7, 'DOMINGO');
COMMIT;

-- ------------------------------------------------------------
-- INSERT PERIODO
-- ------------------------------------------------------------
INSERT INTO PERIODO VALUES (1, '7:10',  '8:50');
INSERT INTO PERIODO VALUES (2, '8:50',  '10:30');
INSERT INTO PERIODO VALUES (3, '9:00',  '9:50');
INSERT INTO PERIODO VALUES (4, '9:00',  '10:40');
INSERT INTO PERIODO VALUES (5, '10:40', '11:30');
INSERT INTO PERIODO VALUES (6, '11:30', '12:20');
INSERT INTO PERIODO VALUES (7, '12:20', '14:00');
INSERT INTO PERIODO VALUES (8, '13:10', '14:50');
INSERT INTO PERIODO VALUES (9, '14:50', '16:30');
COMMIT;

-- ------------------------------------------------------------
-- INSERT SALON
-- ------------------------------------------------------------
INSERT INTO SALON VALUES ('T3', 101, 25);
INSERT INTO SALON VALUES ('T3', 102, 50);
INSERT INTO SALON VALUES ('T3', 103, 60);
INSERT INTO SALON VALUES ('T3', 104, 40);
INSERT INTO SALON VALUES ('T3', 105, 35);
INSERT INTO SALON VALUES ('T3', 201, 25);
INSERT INTO SALON VALUES ('T3', 202, 20);
INSERT INTO SALON VALUES ('T3', 203, 50);
INSERT INTO SALON VALUES ('T3', 204, 90);
INSERT INTO SALON VALUES ('T3', 205, 100);
INSERT INTO SALON VALUES ('T3', 301, 25);
INSERT INTO SALON VALUES ('T3', 302, 50);
INSERT INTO SALON VALUES ('T3', 303, 60);
INSERT INTO SALON VALUES ('T3', 304, 40);
INSERT INTO SALON VALUES ('T3', 305, 35);
INSERT INTO SALON VALUES ('T3', 401, 25);
INSERT INTO SALON VALUES ('T3', 402, 20);
INSERT INTO SALON VALUES ('T3', 403, 50);
INSERT INTO SALON VALUES ('T3', 404, 90);
INSERT INTO SALON VALUES ('T3', 405, 100);
COMMIT;

-- ------------------------------------------------------------
-- INSERT PLAN
-- Nota: En los datos solo existen planes para carreras 1,2,3,4,5,9,13
-- ------------------------------------------------------------
INSERT INTO PLAN VALUES ('DIARIO', 9,  'DIARIO', 2010, 'CICLO1',  2014, 'CICLO10', 250);
INSERT INTO PLAN VALUES ('DIARIO', 13, 'DIARIO', 2010, 'CICLO1',  2014, 'CICLO10', 300);
INSERT INTO PLAN VALUES ('DIARIO', 1,  'DIARIO', 2010, 'CICLO1',  2014, 'CICLO10', 250);
INSERT INTO PLAN VALUES ('DIARIO', 2,  'DIARIO', 2010, 'CICLO1',  2014, 'CICLO10', 250);
INSERT INTO PLAN VALUES ('DIARIO', 3,  'DIARIO', 2010, 'CICLO1',  2014, 'CICLO10', 250);
INSERT INTO PLAN VALUES ('DIARIO', 4,  'DIARIO', 2010, 'CICLO1',  2014, 'CICLO10', 250);
INSERT INTO PLAN VALUES ('DIARIO', 5,  'DIARIO', 2010, 'CICLO1',  2014, 'CICLO10', 250);
COMMIT;

-- ------------------------------------------------------------
-- INSERT INSCRIPCION
-- ------------------------------------------------------------
INSERT INTO INSCRIPCION VALUES (9,  1001, TO_DATE('15-01-2010','DD-MM-YYYY'));
INSERT INTO INSCRIPCION VALUES (9,  1002, TO_DATE('15-01-2010','DD-MM-YYYY'));
INSERT INTO INSCRIPCION VALUES (9,  1003, TO_DATE('15-01-2010','DD-MM-YYYY'));
INSERT INTO INSCRIPCION VALUES (9,  1004, TO_DATE('15-01-2010','DD-MM-YYYY'));
INSERT INTO INSCRIPCION VALUES (9,  1005, TO_DATE('10-01-2010','DD-MM-YYYY'));
INSERT INTO INSCRIPCION VALUES (9,  1006, TO_DATE('10-01-2010','DD-MM-YYYY'));
INSERT INTO INSCRIPCION VALUES (9,  1007, TO_DATE('10-01-2010','DD-MM-YYYY'));
INSERT INTO INSCRIPCION VALUES (9,  1008, TO_DATE('10-01-2010','DD-MM-YYYY'));
INSERT INTO INSCRIPCION VALUES (9,  1009, TO_DATE('12-01-2010','DD-MM-YYYY'));
INSERT INTO INSCRIPCION VALUES (9,  1010, TO_DATE('12-01-2010','DD-MM-YYYY'));
INSERT INTO INSCRIPCION VALUES (13, 1011, TO_DATE('12-01-2010','DD-MM-YYYY'));
INSERT INTO INSCRIPCION VALUES (13, 1012, TO_DATE('12-01-2010','DD-MM-YYYY'));
INSERT INTO INSCRIPCION VALUES (13, 1013, TO_DATE('31-01-2010','DD-MM-YYYY'));
INSERT INTO INSCRIPCION VALUES (13, 1014, TO_DATE('31-01-2010','DD-MM-YYYY'));
INSERT INTO INSCRIPCION VALUES (13, 1015, TO_DATE('31-01-2010','DD-MM-YYYY'));
INSERT INTO INSCRIPCION VALUES (1,  1016, TO_DATE('31-01-2010','DD-MM-YYYY'));
INSERT INTO INSCRIPCION VALUES (2,  1017, TO_DATE('07-01-2010','DD-MM-YYYY'));
INSERT INTO INSCRIPCION VALUES (3,  1018, TO_DATE('07-01-2010','DD-MM-YYYY'));
INSERT INTO INSCRIPCION VALUES (4,  1019, TO_DATE('07-01-2010','DD-MM-YYYY'));
INSERT INTO INSCRIPCION VALUES (5,  1020, TO_DATE('07-01-2010','DD-MM-YYYY'));
COMMIT;

-- ------------------------------------------------------------
-- INSERT PENSUM
-- (CURSO, PLAN, CARRERA, OBLIGATORIEDAD, NUMCREDITOS,
--  NOTAAPROBACION, ZONAMINIMA, CREDPRERREQUISITOS)
-- ------------------------------------------------------------
INSERT INTO PENSUM VALUES (101, 'DIARIO', 9, 1, 5, 61, 36, 0);
INSERT INTO PENSUM VALUES (102, 'DIARIO', 9, 1, 5, 61, 36, 0);
INSERT INTO PENSUM VALUES (103, 'DIARIO', 9, 1, 5, 61, 36, 0);
INSERT INTO PENSUM VALUES (104, 'DIARIO', 9, 1, 5, 61, 36, 0);
INSERT INTO PENSUM VALUES (105, 'DIARIO', 9, 1, 5, 61, 36, 0);
INSERT INTO PENSUM VALUES (106, 'DIARIO', 9, 1, 5, 61, 36, 25);
INSERT INTO PENSUM VALUES (107, 'DIARIO', 9, 1, 5, 61, 36, 0);
INSERT INTO PENSUM VALUES (108, 'DIARIO', 9, 1, 5, 61, 36, 0);
INSERT INTO PENSUM VALUES (109, 'DIARIO', 9, 1, 5, 61, 36, 0);
INSERT INTO PENSUM VALUES (110, 'DIARIO', 9, 1, 5, 61, 36, 0);
INSERT INTO PENSUM VALUES (111, 'DIARIO', 9, 1, 5, 61, 36, 0);
INSERT INTO PENSUM VALUES (112, 'DIARIO', 9, 1, 5, 61, 36, 0);
INSERT INTO PENSUM VALUES (113, 'DIARIO', 9, 1, 5, 61, 36, 0);
INSERT INTO PENSUM VALUES (114, 'DIARIO', 9, 1, 5, 61, 36, 0);
INSERT INTO PENSUM VALUES (115, 'DIARIO', 9, 1, 5, 61, 36, 0);
INSERT INTO PENSUM VALUES (116, 'DIARIO', 9, 1, 5, 61, 36, 0);
INSERT INTO PENSUM VALUES (117, 'DIARIO', 9, 1, 5, 61, 36, 0);
INSERT INTO PENSUM VALUES (118, 'DIARIO', 9, 1, 5, 61, 36, 0);
INSERT INTO PENSUM VALUES (119, 'DIARIO', 9, 1, 5, 61, 36, 0);
INSERT INTO PENSUM VALUES (120, 'DIARIO', 9, 1, 5, 61, 36, 0);
INSERT INTO PENSUM VALUES (121, 'DIARIO', 9, 1, 5, 61, 36, 0);
INSERT INTO PENSUM VALUES (122, 'DIARIO', 9, 1, 5, 61, 36, 0);
INSERT INTO PENSUM VALUES (123, 'DIARIO', 9, 1, 5, 61, 36, 0);
INSERT INTO PENSUM VALUES (124, 'DIARIO', 9, 1, 5, 61, 36, 0);
INSERT INTO PENSUM VALUES (125, 'DIARIO', 9, 1, 5, 61, 36, 0);
INSERT INTO PENSUM VALUES (126, 'DIARIO', 9, 1, 5, 61, 36, 0);
INSERT INTO PENSUM VALUES (127, 'DIARIO', 9, 1, 5, 61, 36, 0);
INSERT INTO PENSUM VALUES (128, 'DIARIO', 9, 1, 5, 61, 36, 0);
INSERT INTO PENSUM VALUES (129, 'DIARIO', 9, 1, 5, 61, 36, 0);
INSERT INTO PENSUM VALUES (130, 'DIARIO', 9, 1, 5, 61, 36, 0);
INSERT INTO PENSUM VALUES (131, 'DIARIO', 9, 1, 5, 61, 36, 0);
INSERT INTO PENSUM VALUES (132, 'DIARIO', 9, 1, 5, 61, 36, 0);
INSERT INTO PENSUM VALUES (133, 'DIARIO', 9, 1, 5, 61, 36, 0);
INSERT INTO PENSUM VALUES (134, 'DIARIO', 9, 1, 5, 61, 36, 0);
INSERT INTO PENSUM VALUES (135, 'DIARIO', 9, 1, 5, 61, 36, 0);
INSERT INTO PENSUM VALUES (136, 'DIARIO', 9, 1, 5, 61, 36, 0);
INSERT INTO PENSUM VALUES (137, 'DIARIO', 9, 1, 5, 61, 36, 0);
INSERT INTO PENSUM VALUES (138, 'DIARIO', 9, 1, 5, 61, 36, 0);
INSERT INTO PENSUM VALUES (139, 'DIARIO', 9, 1, 5, 61, 36, 0);
INSERT INTO PENSUM VALUES (140, 'DIARIO', 9, 1, 5, 61, 36, 0);
INSERT INTO PENSUM VALUES (141, 'DIARIO', 9, 1, 5, 61, 36, 0);
INSERT INTO PENSUM VALUES (142, 'DIARIO', 9, 1, 5, 61, 36, 0);
INSERT INTO PENSUM VALUES (143, 'DIARIO', 9, 1, 5, 61, 36, 0);
INSERT INTO PENSUM VALUES (144, 'DIARIO', 9, 1, 5, 61, 36, 0);
INSERT INTO PENSUM VALUES (145, 'DIARIO', 9, 1, 5, 61, 36, 225);
INSERT INTO PENSUM VALUES (146, 'DIARIO', 9, 1, 5, 61, 36, 0);
INSERT INTO PENSUM VALUES (147, 'DIARIO', 9, 1, 5, 61, 36, 0);
INSERT INTO PENSUM VALUES (148, 'DIARIO', 9, 1, 5, 61, 36, 0);
INSERT INTO PENSUM VALUES (149, 'DIARIO', 9, 1, 5, 61, 36, 0);
INSERT INTO PENSUM VALUES (150, 'DIARIO', 9, 1, 5, 61, 36, 0);
COMMIT;

-- ------------------------------------------------------------
-- INSERT PRERREQUISITO
-- (PENSUM_CARRERA, PENSUM_PLAN, PENSUM_CURSO, CURSO_PREREQUISITO)
-- ------------------------------------------------------------
-- Prerrequisitos de CURSO 106
INSERT INTO PRERREQUISITO VALUES (9,'DIARIO',106,101);
INSERT INTO PRERREQUISITO VALUES (9,'DIARIO',106,102);
INSERT INTO PRERREQUISITO VALUES (9,'DIARIO',106,103);
INSERT INTO PRERREQUISITO VALUES (9,'DIARIO',106,104);
INSERT INTO PRERREQUISITO VALUES (9,'DIARIO',106,105);
-- Prerrequisitos de CURSO 107
INSERT INTO PRERREQUISITO VALUES (9,'DIARIO',107,101);
INSERT INTO PRERREQUISITO VALUES (9,'DIARIO',107,102);
INSERT INTO PRERREQUISITO VALUES (9,'DIARIO',107,103);
INSERT INTO PRERREQUISITO VALUES (9,'DIARIO',107,104);
INSERT INTO PRERREQUISITO VALUES (9,'DIARIO',107,105);
-- Prerrequisitos de CURSO 108
INSERT INTO PRERREQUISITO VALUES (9,'DIARIO',108,101);
INSERT INTO PRERREQUISITO VALUES (9,'DIARIO',108,102);
INSERT INTO PRERREQUISITO VALUES (9,'DIARIO',108,103);
INSERT INTO PRERREQUISITO VALUES (9,'DIARIO',108,104);
INSERT INTO PRERREQUISITO VALUES (9,'DIARIO',108,105);
-- Prerrequisitos de CURSO 109
INSERT INTO PRERREQUISITO VALUES (9,'DIARIO',109,101);
INSERT INTO PRERREQUISITO VALUES (9,'DIARIO',109,102);
INSERT INTO PRERREQUISITO VALUES (9,'DIARIO',109,103);
INSERT INTO PRERREQUISITO VALUES (9,'DIARIO',109,104);
INSERT INTO PRERREQUISITO VALUES (9,'DIARIO',109,105);
-- Prerrequisitos de CURSO 110
INSERT INTO PRERREQUISITO VALUES (9,'DIARIO',110,101);
INSERT INTO PRERREQUISITO VALUES (9,'DIARIO',110,102);
INSERT INTO PRERREQUISITO VALUES (9,'DIARIO',110,103);
INSERT INTO PRERREQUISITO VALUES (9,'DIARIO',110,104);
INSERT INTO PRERREQUISITO VALUES (9,'DIARIO',110,105);
-- Prerrequisitos de CURSO 111
INSERT INTO PRERREQUISITO VALUES (9,'DIARIO',111,106);
INSERT INTO PRERREQUISITO VALUES (9,'DIARIO',111,107);
INSERT INTO PRERREQUISITO VALUES (9,'DIARIO',111,108);
INSERT INTO PRERREQUISITO VALUES (9,'DIARIO',111,109);
INSERT INTO PRERREQUISITO VALUES (9,'DIARIO',111,110);
-- Prerrequisitos de CURSO 112
INSERT INTO PRERREQUISITO VALUES (9,'DIARIO',112,106);
INSERT INTO PRERREQUISITO VALUES (9,'DIARIO',112,107);
INSERT INTO PRERREQUISITO VALUES (9,'DIARIO',112,108);
INSERT INTO PRERREQUISITO VALUES (9,'DIARIO',112,109);
INSERT INTO PRERREQUISITO VALUES (9,'DIARIO',112,110);
-- Prerrequisitos de CURSO 113
INSERT INTO PRERREQUISITO VALUES (9,'DIARIO',113,106);
INSERT INTO PRERREQUISITO VALUES (9,'DIARIO',113,107);
INSERT INTO PRERREQUISITO VALUES (9,'DIARIO',113,108);
INSERT INTO PRERREQUISITO VALUES (9,'DIARIO',113,109);
INSERT INTO PRERREQUISITO VALUES (9,'DIARIO',113,110);
-- Prerrequisitos de CURSO 114
INSERT INTO PRERREQUISITO VALUES (9,'DIARIO',114,106);
INSERT INTO PRERREQUISITO VALUES (9,'DIARIO',114,107);
INSERT INTO PRERREQUISITO VALUES (9,'DIARIO',114,108);
INSERT INTO PRERREQUISITO VALUES (9,'DIARIO',114,109);
INSERT INTO PRERREQUISITO VALUES (9,'DIARIO',114,110);
-- Prerrequisitos de CURSO 115
INSERT INTO PRERREQUISITO VALUES (9,'DIARIO',115,106);
INSERT INTO PRERREQUISITO VALUES (9,'DIARIO',115,107);
INSERT INTO PRERREQUISITO VALUES (9,'DIARIO',115,108);
INSERT INTO PRERREQUISITO VALUES (9,'DIARIO',115,109);
INSERT INTO PRERREQUISITO VALUES (9,'DIARIO',115,110);
-- Prerrequisitos de CURSO 116
INSERT INTO PRERREQUISITO VALUES (9,'DIARIO',116,111);
INSERT INTO PRERREQUISITO VALUES (9,'DIARIO',116,112);
INSERT INTO PRERREQUISITO VALUES (9,'DIARIO',116,113);
INSERT INTO PRERREQUISITO VALUES (9,'DIARIO',116,114);
INSERT INTO PRERREQUISITO VALUES (9,'DIARIO',116,115);
-- Prerrequisitos de CURSO 117
INSERT INTO PRERREQUISITO VALUES (9,'DIARIO',117,111);
INSERT INTO PRERREQUISITO VALUES (9,'DIARIO',117,112);
INSERT INTO PRERREQUISITO VALUES (9,'DIARIO',117,113);
INSERT INTO PRERREQUISITO VALUES (9,'DIARIO',117,114);
INSERT INTO PRERREQUISITO VALUES (9,'DIARIO',117,115);
-- Prerrequisitos de CURSO 118
INSERT INTO PRERREQUISITO VALUES (9,'DIARIO',118,111);
INSERT INTO PRERREQUISITO VALUES (9,'DIARIO',118,112);
INSERT INTO PRERREQUISITO VALUES (9,'DIARIO',118,113);
INSERT INTO PRERREQUISITO VALUES (9,'DIARIO',118,114);
INSERT INTO PRERREQUISITO VALUES (9,'DIARIO',118,115);
-- Prerrequisitos de CURSO 119
INSERT INTO PRERREQUISITO VALUES (9,'DIARIO',119,111);
INSERT INTO PRERREQUISITO VALUES (9,'DIARIO',119,112);
INSERT INTO PRERREQUISITO VALUES (9,'DIARIO',119,113);
INSERT INTO PRERREQUISITO VALUES (9,'DIARIO',119,114);
INSERT INTO PRERREQUISITO VALUES (9,'DIARIO',119,115);
-- Prerrequisitos de CURSO 120
INSERT INTO PRERREQUISITO VALUES (9,'DIARIO',120,111);
INSERT INTO PRERREQUISITO VALUES (9,'DIARIO',120,112);
INSERT INTO PRERREQUISITO VALUES (9,'DIARIO',120,113);
INSERT INTO PRERREQUISITO VALUES (9,'DIARIO',120,114);
INSERT INTO PRERREQUISITO VALUES (9,'DIARIO',120,115);
-- Prerrequisitos de CURSO 121
INSERT INTO PRERREQUISITO VALUES (9,'DIARIO',121,116);
INSERT INTO PRERREQUISITO VALUES (9,'DIARIO',121,117);
INSERT INTO PRERREQUISITO VALUES (9,'DIARIO',121,118);
INSERT INTO PRERREQUISITO VALUES (9,'DIARIO',121,119);
INSERT INTO PRERREQUISITO VALUES (9,'DIARIO',121,120);
-- Prerrequisitos de CURSO 122
INSERT INTO PRERREQUISITO VALUES (9,'DIARIO',122,116);
INSERT INTO PRERREQUISITO VALUES (9,'DIARIO',122,117);
INSERT INTO PRERREQUISITO VALUES (9,'DIARIO',122,118);
INSERT INTO PRERREQUISITO VALUES (9,'DIARIO',122,119);
INSERT INTO PRERREQUISITO VALUES (9,'DIARIO',122,120);
-- Prerrequisitos de CURSO 123
INSERT INTO PRERREQUISITO VALUES (9,'DIARIO',123,116);
INSERT INTO PRERREQUISITO VALUES (9,'DIARIO',123,117);
INSERT INTO PRERREQUISITO VALUES (9,'DIARIO',123,118);
INSERT INTO PRERREQUISITO VALUES (9,'DIARIO',123,119);
INSERT INTO PRERREQUISITO VALUES (9,'DIARIO',123,120);
-- Prerrequisitos de CURSO 124
INSERT INTO PRERREQUISITO VALUES (9,'DIARIO',124,116);
INSERT INTO PRERREQUISITO VALUES (9,'DIARIO',124,117);
INSERT INTO PRERREQUISITO VALUES (9,'DIARIO',124,118);
INSERT INTO PRERREQUISITO VALUES (9,'DIARIO',124,119);
INSERT INTO PRERREQUISITO VALUES (9,'DIARIO',124,120);
-- Prerrequisitos de CURSO 125
INSERT INTO PRERREQUISITO VALUES (9,'DIARIO',125,116);
INSERT INTO PRERREQUISITO VALUES (9,'DIARIO',125,117);
INSERT INTO PRERREQUISITO VALUES (9,'DIARIO',125,118);
INSERT INTO PRERREQUISITO VALUES (9,'DIARIO',125,119);
INSERT INTO PRERREQUISITO VALUES (9,'DIARIO',125,120);
-- Prerrequisitos de CURSO 126
INSERT INTO PRERREQUISITO VALUES (9,'DIARIO',126,121);
INSERT INTO PRERREQUISITO VALUES (9,'DIARIO',126,122);
INSERT INTO PRERREQUISITO VALUES (9,'DIARIO',126,123);
INSERT INTO PRERREQUISITO VALUES (9,'DIARIO',126,124);
INSERT INTO PRERREQUISITO VALUES (9,'DIARIO',126,125);
-- Prerrequisitos de CURSO 127
INSERT INTO PRERREQUISITO VALUES (9,'DIARIO',127,121);
INSERT INTO PRERREQUISITO VALUES (9,'DIARIO',127,122);
INSERT INTO PRERREQUISITO VALUES (9,'DIARIO',127,123);
INSERT INTO PRERREQUISITO VALUES (9,'DIARIO',127,124);
INSERT INTO PRERREQUISITO VALUES (9,'DIARIO',127,125);
-- Prerrequisitos de CURSO 128
INSERT INTO PRERREQUISITO VALUES (9,'DIARIO',128,121);
INSERT INTO PRERREQUISITO VALUES (9,'DIARIO',128,122);
INSERT INTO PRERREQUISITO VALUES (9,'DIARIO',128,123);
INSERT INTO PRERREQUISITO VALUES (9,'DIARIO',128,124);
INSERT INTO PRERREQUISITO VALUES (9,'DIARIO',128,125);
-- Prerrequisitos de CURSO 129
INSERT INTO PRERREQUISITO VALUES (9,'DIARIO',129,121);
INSERT INTO PRERREQUISITO VALUES (9,'DIARIO',129,122);
INSERT INTO PRERREQUISITO VALUES (9,'DIARIO',129,123);
INSERT INTO PRERREQUISITO VALUES (9,'DIARIO',129,124);
INSERT INTO PRERREQUISITO VALUES (9,'DIARIO',129,125);
-- Prerrequisitos de CURSO 130
INSERT INTO PRERREQUISITO VALUES (9,'DIARIO',130,121);
INSERT INTO PRERREQUISITO VALUES (9,'DIARIO',130,122);
INSERT INTO PRERREQUISITO VALUES (9,'DIARIO',130,123);
INSERT INTO PRERREQUISITO VALUES (9,'DIARIO',130,124);
INSERT INTO PRERREQUISITO VALUES (9,'DIARIO',130,125);
-- Prerrequisitos de CURSO 131
INSERT INTO PRERREQUISITO VALUES (9,'DIARIO',131,126);
INSERT INTO PRERREQUISITO VALUES (9,'DIARIO',131,127);
INSERT INTO PRERREQUISITO VALUES (9,'DIARIO',131,128);
INSERT INTO PRERREQUISITO VALUES (9,'DIARIO',131,129);
INSERT INTO PRERREQUISITO VALUES (9,'DIARIO',131,130);
-- Prerrequisitos de CURSO 132
INSERT INTO PRERREQUISITO VALUES (9,'DIARIO',132,126);
INSERT INTO PRERREQUISITO VALUES (9,'DIARIO',132,127);
INSERT INTO PRERREQUISITO VALUES (9,'DIARIO',132,128);
INSERT INTO PRERREQUISITO VALUES (9,'DIARIO',132,129);
INSERT INTO PRERREQUISITO VALUES (9,'DIARIO',132,130);
-- Prerrequisitos de CURSO 133
INSERT INTO PRERREQUISITO VALUES (9,'DIARIO',133,126);
INSERT INTO PRERREQUISITO VALUES (9,'DIARIO',133,127);
INSERT INTO PRERREQUISITO VALUES (9,'DIARIO',133,128);
INSERT INTO PRERREQUISITO VALUES (9,'DIARIO',133,129);
INSERT INTO PRERREQUISITO VALUES (9,'DIARIO',133,130);
-- Prerrequisitos de CURSO 134
INSERT INTO PRERREQUISITO VALUES (9,'DIARIO',134,126);
INSERT INTO PRERREQUISITO VALUES (9,'DIARIO',134,127);
INSERT INTO PRERREQUISITO VALUES (9,'DIARIO',134,128);
INSERT INTO PRERREQUISITO VALUES (9,'DIARIO',134,129);
INSERT INTO PRERREQUISITO VALUES (9,'DIARIO',134,130);
-- Prerrequisitos de CURSO 135
INSERT INTO PRERREQUISITO VALUES (9,'DIARIO',135,126);
INSERT INTO PRERREQUISITO VALUES (9,'DIARIO',135,127);
INSERT INTO PRERREQUISITO VALUES (9,'DIARIO',135,128);
INSERT INTO PRERREQUISITO VALUES (9,'DIARIO',135,129);
INSERT INTO PRERREQUISITO VALUES (9,'DIARIO',135,130);
-- Prerrequisitos de CURSO 136
INSERT INTO PRERREQUISITO VALUES (9,'DIARIO',136,131);
INSERT INTO PRERREQUISITO VALUES (9,'DIARIO',136,132);
INSERT INTO PRERREQUISITO VALUES (9,'DIARIO',136,133);
INSERT INTO PRERREQUISITO VALUES (9,'DIARIO',136,134);
INSERT INTO PRERREQUISITO VALUES (9,'DIARIO',136,135);
-- Prerrequisitos de CURSO 137
INSERT INTO PRERREQUISITO VALUES (9,'DIARIO',137,131);
INSERT INTO PRERREQUISITO VALUES (9,'DIARIO',137,132);
INSERT INTO PRERREQUISITO VALUES (9,'DIARIO',137,133);
INSERT INTO PRERREQUISITO VALUES (9,'DIARIO',137,134);
INSERT INTO PRERREQUISITO VALUES (9,'DIARIO',137,135);
-- Prerrequisitos de CURSO 138
INSERT INTO PRERREQUISITO VALUES (9,'DIARIO',138,131);
INSERT INTO PRERREQUISITO VALUES (9,'DIARIO',138,132);
INSERT INTO PRERREQUISITO VALUES (9,'DIARIO',138,133);
INSERT INTO PRERREQUISITO VALUES (9,'DIARIO',138,134);
INSERT INTO PRERREQUISITO VALUES (9,'DIARIO',138,135);
-- Prerrequisitos de CURSO 139
INSERT INTO PRERREQUISITO VALUES (9,'DIARIO',139,131);
INSERT INTO PRERREQUISITO VALUES (9,'DIARIO',139,132);
INSERT INTO PRERREQUISITO VALUES (9,'DIARIO',139,133);
INSERT INTO PRERREQUISITO VALUES (9,'DIARIO',139,134);
INSERT INTO PRERREQUISITO VALUES (9,'DIARIO',139,135);
-- Prerrequisitos de CURSO 140
INSERT INTO PRERREQUISITO VALUES (9,'DIARIO',140,131);
INSERT INTO PRERREQUISITO VALUES (9,'DIARIO',140,132);
INSERT INTO PRERREQUISITO VALUES (9,'DIARIO',140,133);
INSERT INTO PRERREQUISITO VALUES (9,'DIARIO',140,134);
INSERT INTO PRERREQUISITO VALUES (9,'DIARIO',140,135);
-- Prerrequisitos de CURSO 141
INSERT INTO PRERREQUISITO VALUES (9,'DIARIO',141,136);
INSERT INTO PRERREQUISITO VALUES (9,'DIARIO',141,137);
INSERT INTO PRERREQUISITO VALUES (9,'DIARIO',141,138);
INSERT INTO PRERREQUISITO VALUES (9,'DIARIO',141,139);
INSERT INTO PRERREQUISITO VALUES (9,'DIARIO',141,140);
-- Prerrequisitos de CURSO 142
INSERT INTO PRERREQUISITO VALUES (9,'DIARIO',142,136);
INSERT INTO PRERREQUISITO VALUES (9,'DIARIO',142,137);
INSERT INTO PRERREQUISITO VALUES (9,'DIARIO',142,138);
INSERT INTO PRERREQUISITO VALUES (9,'DIARIO',142,139);
INSERT INTO PRERREQUISITO VALUES (9,'DIARIO',142,140);
-- Prerrequisitos de CURSO 143
INSERT INTO PRERREQUISITO VALUES (9,'DIARIO',143,136);
INSERT INTO PRERREQUISITO VALUES (9,'DIARIO',143,137);
INSERT INTO PRERREQUISITO VALUES (9,'DIARIO',143,138);
INSERT INTO PRERREQUISITO VALUES (9,'DIARIO',143,139);
INSERT INTO PRERREQUISITO VALUES (9,'DIARIO',143,140);
-- Prerrequisitos de CURSO 144
INSERT INTO PRERREQUISITO VALUES (9,'DIARIO',144,136);
INSERT INTO PRERREQUISITO VALUES (9,'DIARIO',144,137);
INSERT INTO PRERREQUISITO VALUES (9,'DIARIO',144,138);
INSERT INTO PRERREQUISITO VALUES (9,'DIARIO',144,139);
INSERT INTO PRERREQUISITO VALUES (9,'DIARIO',144,140);
-- Prerrequisitos de CURSO 145
INSERT INTO PRERREQUISITO VALUES (9,'DIARIO',145,136);
INSERT INTO PRERREQUISITO VALUES (9,'DIARIO',145,137);
INSERT INTO PRERREQUISITO VALUES (9,'DIARIO',145,138);
INSERT INTO PRERREQUISITO VALUES (9,'DIARIO',145,139);
INSERT INTO PRERREQUISITO VALUES (9,'DIARIO',145,140);
-- Prerrequisitos de CURSO 146
INSERT INTO PRERREQUISITO VALUES (9,'DIARIO',146,141);
INSERT INTO PRERREQUISITO VALUES (9,'DIARIO',146,142);
INSERT INTO PRERREQUISITO VALUES (9,'DIARIO',146,143);
INSERT INTO PRERREQUISITO VALUES (9,'DIARIO',146,144);
INSERT INTO PRERREQUISITO VALUES (9,'DIARIO',146,145);
-- Prerrequisitos de CURSO 147
INSERT INTO PRERREQUISITO VALUES (9,'DIARIO',147,141);
INSERT INTO PRERREQUISITO VALUES (9,'DIARIO',147,142);
INSERT INTO PRERREQUISITO VALUES (9,'DIARIO',147,143);
INSERT INTO PRERREQUISITO VALUES (9,'DIARIO',147,144);
INSERT INTO PRERREQUISITO VALUES (9,'DIARIO',147,145);
-- Prerrequisitos de CURSO 148
INSERT INTO PRERREQUISITO VALUES (9,'DIARIO',148,141);
INSERT INTO PRERREQUISITO VALUES (9,'DIARIO',148,142);
INSERT INTO PRERREQUISITO VALUES (9,'DIARIO',148,143);
INSERT INTO PRERREQUISITO VALUES (9,'DIARIO',148,144);
INSERT INTO PRERREQUISITO VALUES (9,'DIARIO',148,145);
-- Prerrequisitos de CURSO 149
INSERT INTO PRERREQUISITO VALUES (9,'DIARIO',149,141);
INSERT INTO PRERREQUISITO VALUES (9,'DIARIO',149,142);
INSERT INTO PRERREQUISITO VALUES (9,'DIARIO',149,143);
INSERT INTO PRERREQUISITO VALUES (9,'DIARIO',149,144);
INSERT INTO PRERREQUISITO VALUES (9,'DIARIO',149,145);
-- Prerrequisitos de CURSO 150
INSERT INTO PRERREQUISITO VALUES (9,'DIARIO',150,141);
INSERT INTO PRERREQUISITO VALUES (9,'DIARIO',150,142);
INSERT INTO PRERREQUISITO VALUES (9,'DIARIO',150,143);
INSERT INTO PRERREQUISITO VALUES (9,'DIARIO',150,144);
INSERT INTO PRERREQUISITO VALUES (9,'DIARIO',150,145);
COMMIT;

-- ------------------------------------------------------------
-- INSERT SECCION
-- (SECCION, ANIO, CICLO, CURSO_CODIGOCURSO, CATEDRATICO_CATEDRATICO)
-- ------------------------------------------------------------
-- CICLO1 2010
INSERT INTO SECCION VALUES ('A',2010,'CICLO1',101,1);
INSERT INTO SECCION VALUES ('A',2010,'CICLO1',102,2);
INSERT INTO SECCION VALUES ('A',2010,'CICLO1',103,3);
INSERT INTO SECCION VALUES ('A',2010,'CICLO1',104,4);
INSERT INTO SECCION VALUES ('A',2010,'CICLO1',105,5);
INSERT INTO SECCION VALUES ('B',2010,'CICLO1',101,6);
INSERT INTO SECCION VALUES ('B',2010,'CICLO1',102,7);
INSERT INTO SECCION VALUES ('B',2010,'CICLO1',103,8);
INSERT INTO SECCION VALUES ('B',2010,'CICLO1',104,9);
INSERT INTO SECCION VALUES ('B',2010,'CICLO1',105,10);
-- CICLO2 2010
INSERT INTO SECCION VALUES ('A',2010,'CICLO2',106,1);
INSERT INTO SECCION VALUES ('A',2010,'CICLO2',107,2);
INSERT INTO SECCION VALUES ('A',2010,'CICLO2',108,3);
INSERT INTO SECCION VALUES ('A',2010,'CICLO2',109,4);
INSERT INTO SECCION VALUES ('A',2010,'CICLO2',110,5);
INSERT INTO SECCION VALUES ('B',2010,'CICLO2',106,6);
INSERT INTO SECCION VALUES ('B',2010,'CICLO2',107,7);
INSERT INTO SECCION VALUES ('B',2010,'CICLO2',108,8);
INSERT INTO SECCION VALUES ('B',2010,'CICLO2',109,9);
INSERT INTO SECCION VALUES ('B',2010,'CICLO2',110,10);
-- CICLO3 2011
INSERT INTO SECCION VALUES ('A',2011,'CICLO3',111,11);
INSERT INTO SECCION VALUES ('A',2011,'CICLO3',112,12);
INSERT INTO SECCION VALUES ('A',2011,'CICLO3',113,13);
INSERT INTO SECCION VALUES ('A',2011,'CICLO3',114,14);
INSERT INTO SECCION VALUES ('A',2011,'CICLO3',115,15);
INSERT INTO SECCION VALUES ('B',2011,'CICLO3',111,16);
INSERT INTO SECCION VALUES ('B',2011,'CICLO3',112,17);
INSERT INTO SECCION VALUES ('B',2011,'CICLO3',113,18);
INSERT INTO SECCION VALUES ('B',2011,'CICLO3',114,19);
INSERT INTO SECCION VALUES ('B',2011,'CICLO3',115,20);
-- CICLO4 2011
INSERT INTO SECCION VALUES ('A',2011,'CICLO4',116,11);
INSERT INTO SECCION VALUES ('A',2011,'CICLO4',117,12);
INSERT INTO SECCION VALUES ('A',2011,'CICLO4',118,13);
INSERT INTO SECCION VALUES ('A',2011,'CICLO4',119,14);
INSERT INTO SECCION VALUES ('A',2011,'CICLO4',120,15);
INSERT INTO SECCION VALUES ('B',2011,'CICLO4',116,16);
INSERT INTO SECCION VALUES ('B',2011,'CICLO4',117,17);
INSERT INTO SECCION VALUES ('B',2011,'CICLO4',118,18);
INSERT INTO SECCION VALUES ('B',2011,'CICLO4',119,19);
INSERT INTO SECCION VALUES ('B',2011,'CICLO4',120,20);
-- CICLO5 2012
INSERT INTO SECCION VALUES ('A',2012,'CICLO5',121,1);
INSERT INTO SECCION VALUES ('A',2012,'CICLO5',122,2);
INSERT INTO SECCION VALUES ('A',2012,'CICLO5',123,3);
INSERT INTO SECCION VALUES ('A',2012,'CICLO5',124,4);
INSERT INTO SECCION VALUES ('A',2012,'CICLO5',125,5);
INSERT INTO SECCION VALUES ('B',2012,'CICLO5',121,6);
INSERT INTO SECCION VALUES ('B',2012,'CICLO5',122,7);
INSERT INTO SECCION VALUES ('B',2012,'CICLO5',123,8);
INSERT INTO SECCION VALUES ('B',2012,'CICLO5',124,9);
INSERT INTO SECCION VALUES ('B',2012,'CICLO5',125,10);
-- CICLO6 2012
INSERT INTO SECCION VALUES ('A',2012,'CICLO6',126,15);
INSERT INTO SECCION VALUES ('A',2012,'CICLO6',127,16);
INSERT INTO SECCION VALUES ('A',2012,'CICLO6',128,17);
INSERT INTO SECCION VALUES ('A',2012,'CICLO6',129,18);
INSERT INTO SECCION VALUES ('A',2012,'CICLO6',130,19);
INSERT INTO SECCION VALUES ('B',2012,'CICLO6',126,20);
INSERT INTO SECCION VALUES ('B',2012,'CICLO6',127,21);
INSERT INTO SECCION VALUES ('B',2012,'CICLO6',128,22);
INSERT INTO SECCION VALUES ('B',2012,'CICLO6',129,23);
INSERT INTO SECCION VALUES ('B',2012,'CICLO6',130,24);
-- CICLO7 2013
INSERT INTO SECCION VALUES ('A',2013,'CICLO7',131,1);
INSERT INTO SECCION VALUES ('A',2013,'CICLO7',132,2);
INSERT INTO SECCION VALUES ('A',2013,'CICLO7',133,3);
INSERT INTO SECCION VALUES ('A',2013,'CICLO7',134,4);
INSERT INTO SECCION VALUES ('A',2013,'CICLO7',135,5);
INSERT INTO SECCION VALUES ('B',2013,'CICLO7',131,6);
INSERT INTO SECCION VALUES ('B',2013,'CICLO7',132,7);
INSERT INTO SECCION VALUES ('B',2013,'CICLO7',133,8);
INSERT INTO SECCION VALUES ('B',2013,'CICLO7',134,9);
INSERT INTO SECCION VALUES ('B',2013,'CICLO7',135,10);
-- CICLO8 2013
INSERT INTO SECCION VALUES ('A',2013,'CICLO8',136,15);
INSERT INTO SECCION VALUES ('A',2013,'CICLO8',137,16);
INSERT INTO SECCION VALUES ('A',2013,'CICLO8',138,17);
INSERT INTO SECCION VALUES ('A',2013,'CICLO8',139,18);
INSERT INTO SECCION VALUES ('A',2013,'CICLO8',140,19);
INSERT INTO SECCION VALUES ('B',2013,'CICLO8',136,20);
INSERT INTO SECCION VALUES ('B',2013,'CICLO8',137,21);
INSERT INTO SECCION VALUES ('B',2013,'CICLO8',138,22);
INSERT INTO SECCION VALUES ('B',2013,'CICLO8',139,23);
INSERT INTO SECCION VALUES ('B',2013,'CICLO8',140,24);
-- CICLO9 2014
INSERT INTO SECCION VALUES ('A',2014,'CICLO9',141,1);
INSERT INTO SECCION VALUES ('A',2014,'CICLO9',142,2);
INSERT INTO SECCION VALUES ('A',2014,'CICLO9',143,3);
INSERT INTO SECCION VALUES ('A',2014,'CICLO9',144,4);
INSERT INTO SECCION VALUES ('A',2014,'CICLO9',145,5);
INSERT INTO SECCION VALUES ('B',2014,'CICLO9',141,6);
INSERT INTO SECCION VALUES ('B',2014,'CICLO9',142,7);
INSERT INTO SECCION VALUES ('B',2014,'CICLO9',143,8);
INSERT INTO SECCION VALUES ('B',2014,'CICLO9',144,9);
INSERT INTO SECCION VALUES ('B',2014,'CICLO9',145,10);
-- CICLO10 2014
INSERT INTO SECCION VALUES ('A',2014,'CICLO10',146,15);
INSERT INTO SECCION VALUES ('A',2014,'CICLO10',147,16);
INSERT INTO SECCION VALUES ('A',2014,'CICLO10',148,17);
INSERT INTO SECCION VALUES ('A',2014,'CICLO10',149,18);
INSERT INTO SECCION VALUES ('A',2014,'CICLO10',150,19);
INSERT INTO SECCION VALUES ('B',2014,'CICLO10',146,20);
INSERT INTO SECCION VALUES ('B',2014,'CICLO10',147,21);
INSERT INTO SECCION VALUES ('B',2014,'CICLO10',148,22);
INSERT INTO SECCION VALUES ('B',2014,'CICLO10',149,23);
INSERT INTO SECCION VALUES ('B',2014,'CICLO10',150,24);
COMMIT;

-- ------------------------------------------------------------
-- INSERT HORARIO
-- (CURSO, SECCION, ANIO, CICLO, PERIODO, DIA, EDIFICIO, SALON)
-- ------------------------------------------------------------
-- CICLO1 2010 Sección A - Salón T3-101
INSERT INTO HORARIO VALUES (101,'A',2010,'CICLO1',1,1,'T3',101);
INSERT INTO HORARIO VALUES (102,'A',2010,'CICLO1',2,1,'T3',101);
INSERT INTO HORARIO VALUES (103,'A',2010,'CICLO1',5,1,'T3',101);
INSERT INTO HORARIO VALUES (104,'A',2010,'CICLO1',6,1,'T3',101);
INSERT INTO HORARIO VALUES (105,'A',2010,'CICLO1',7,1,'T3',101);
INSERT INTO HORARIO VALUES (101,'A',2010,'CICLO1',1,3,'T3',101);
INSERT INTO HORARIO VALUES (102,'A',2010,'CICLO1',2,3,'T3',101);
INSERT INTO HORARIO VALUES (103,'A',2010,'CICLO1',5,3,'T3',101);
INSERT INTO HORARIO VALUES (104,'A',2010,'CICLO1',6,3,'T3',101);
INSERT INTO HORARIO VALUES (105,'A',2010,'CICLO1',7,3,'T3',101);
INSERT INTO HORARIO VALUES (101,'A',2010,'CICLO1',1,5,'T3',101);
INSERT INTO HORARIO VALUES (102,'A',2010,'CICLO1',2,5,'T3',101);
INSERT INTO HORARIO VALUES (103,'A',2010,'CICLO1',5,5,'T3',101);
INSERT INTO HORARIO VALUES (104,'A',2010,'CICLO1',6,5,'T3',101);
INSERT INTO HORARIO VALUES (105,'A',2010,'CICLO1',7,5,'T3',101);
-- CICLO1 2010 Sección B - Salón T3-102
INSERT INTO HORARIO VALUES (101,'B',2010,'CICLO1',1,1,'T3',102);
INSERT INTO HORARIO VALUES (102,'B',2010,'CICLO1',2,1,'T3',102);
INSERT INTO HORARIO VALUES (103,'B',2010,'CICLO1',5,1,'T3',102);
INSERT INTO HORARIO VALUES (104,'B',2010,'CICLO1',6,1,'T3',102);
INSERT INTO HORARIO VALUES (105,'B',2010,'CICLO1',7,1,'T3',102);
INSERT INTO HORARIO VALUES (101,'B',2010,'CICLO1',1,3,'T3',102);
INSERT INTO HORARIO VALUES (102,'B',2010,'CICLO1',2,3,'T3',102);
INSERT INTO HORARIO VALUES (103,'B',2010,'CICLO1',5,3,'T3',102);
INSERT INTO HORARIO VALUES (104,'B',2010,'CICLO1',6,3,'T3',102);
INSERT INTO HORARIO VALUES (105,'B',2010,'CICLO1',7,3,'T3',102);
INSERT INTO HORARIO VALUES (101,'B',2010,'CICLO1',1,5,'T3',102);
INSERT INTO HORARIO VALUES (102,'B',2010,'CICLO1',2,5,'T3',102);
INSERT INTO HORARIO VALUES (103,'B',2010,'CICLO1',5,5,'T3',102);
INSERT INTO HORARIO VALUES (104,'B',2010,'CICLO1',6,5,'T3',102);
INSERT INTO HORARIO VALUES (105,'B',2010,'CICLO1',7,5,'T3',102);
-- CICLO2 2010 Sección A - Salón T3-201
INSERT INTO HORARIO VALUES (106,'A',2010,'CICLO2',1,2,'T3',201);
INSERT INTO HORARIO VALUES (107,'A',2010,'CICLO2',2,2,'T3',201);
INSERT INTO HORARIO VALUES (108,'A',2010,'CICLO2',5,2,'T3',201);
INSERT INTO HORARIO VALUES (109,'A',2010,'CICLO2',6,2,'T3',201);
INSERT INTO HORARIO VALUES (110,'A',2010,'CICLO2',7,2,'T3',201);
INSERT INTO HORARIO VALUES (106,'A',2010,'CICLO2',1,3,'T3',201);
INSERT INTO HORARIO VALUES (107,'A',2010,'CICLO2',2,3,'T3',201);
INSERT INTO HORARIO VALUES (108,'A',2010,'CICLO2',5,3,'T3',201);
INSERT INTO HORARIO VALUES (109,'A',2010,'CICLO2',6,3,'T3',201);
INSERT INTO HORARIO VALUES (110,'A',2010,'CICLO2',7,3,'T3',201);
INSERT INTO HORARIO VALUES (106,'A',2010,'CICLO2',1,4,'T3',201);
INSERT INTO HORARIO VALUES (107,'A',2010,'CICLO2',2,4,'T3',201);
INSERT INTO HORARIO VALUES (108,'A',2010,'CICLO2',5,4,'T3',201);
INSERT INTO HORARIO VALUES (109,'A',2010,'CICLO2',6,4,'T3',201);
INSERT INTO HORARIO VALUES (110,'A',2010,'CICLO2',7,4,'T3',201);
-- CICLO2 2010 Sección B - Salón T3-202
INSERT INTO HORARIO VALUES (106,'B',2010,'CICLO2',1,2,'T3',202);
INSERT INTO HORARIO VALUES (107,'B',2010,'CICLO2',2,2,'T3',202);
INSERT INTO HORARIO VALUES (108,'B',2010,'CICLO2',5,2,'T3',202);
INSERT INTO HORARIO VALUES (109,'B',2010,'CICLO2',6,2,'T3',202);
INSERT INTO HORARIO VALUES (110,'B',2010,'CICLO2',7,2,'T3',202);
INSERT INTO HORARIO VALUES (106,'B',2010,'CICLO2',1,3,'T3',202);
INSERT INTO HORARIO VALUES (107,'B',2010,'CICLO2',2,3,'T3',202);
INSERT INTO HORARIO VALUES (108,'B',2010,'CICLO2',5,3,'T3',202);
INSERT INTO HORARIO VALUES (109,'B',2010,'CICLO2',6,3,'T3',202);
INSERT INTO HORARIO VALUES (110,'B',2010,'CICLO2',7,3,'T3',202);
INSERT INTO HORARIO VALUES (106,'B',2010,'CICLO2',1,4,'T3',202);
INSERT INTO HORARIO VALUES (107,'B',2010,'CICLO2',2,4,'T3',202);
INSERT INTO HORARIO VALUES (108,'B',2010,'CICLO2',5,4,'T3',202);
INSERT INTO HORARIO VALUES (109,'B',2010,'CICLO2',6,4,'T3',202);
INSERT INTO HORARIO VALUES (110,'B',2010,'CICLO2',7,4,'T3',202);
-- CICLO3 2011 Sección A - Salones variados
INSERT INTO HORARIO VALUES (111,'A',2011,'CICLO3',1,1,'T3',103);
INSERT INTO HORARIO VALUES (112,'A',2011,'CICLO3',2,1,'T3',104);
INSERT INTO HORARIO VALUES (113,'A',2011,'CICLO3',5,1,'T3',105);
INSERT INTO HORARIO VALUES (114,'A',2011,'CICLO3',6,1,'T3',203);
INSERT INTO HORARIO VALUES (115,'A',2011,'CICLO3',7,1,'T3',204);
INSERT INTO HORARIO VALUES (111,'A',2011,'CICLO3',1,2,'T3',401);
INSERT INTO HORARIO VALUES (112,'A',2011,'CICLO3',2,2,'T3',401);
INSERT INTO HORARIO VALUES (113,'A',2011,'CICLO3',5,2,'T3',401);
INSERT INTO HORARIO VALUES (114,'A',2011,'CICLO3',6,2,'T3',401);
INSERT INTO HORARIO VALUES (115,'A',2011,'CICLO3',7,2,'T3',401);
INSERT INTO HORARIO VALUES (111,'A',2011,'CICLO3',1,3,'T3',401);
INSERT INTO HORARIO VALUES (112,'A',2011,'CICLO3',2,3,'T3',401);
INSERT INTO HORARIO VALUES (113,'A',2011,'CICLO3',5,3,'T3',401);
INSERT INTO HORARIO VALUES (114,'A',2011,'CICLO3',6,3,'T3',401);
INSERT INTO HORARIO VALUES (115,'A',2011,'CICLO3',7,3,'T3',401);
-- CICLO3 2011 Sección B - Salón T3-402
INSERT INTO HORARIO VALUES (111,'B',2011,'CICLO3',1,4,'T3',402);
INSERT INTO HORARIO VALUES (112,'B',2011,'CICLO3',2,4,'T3',402);
INSERT INTO HORARIO VALUES (113,'B',2011,'CICLO3',5,4,'T3',402);
INSERT INTO HORARIO VALUES (114,'B',2011,'CICLO3',6,4,'T3',402);
INSERT INTO HORARIO VALUES (115,'B',2011,'CICLO3',7,4,'T3',402);
INSERT INTO HORARIO VALUES (111,'B',2011,'CICLO3',1,5,'T3',402);
INSERT INTO HORARIO VALUES (112,'B',2011,'CICLO3',2,5,'T3',402);
INSERT INTO HORARIO VALUES (113,'B',2011,'CICLO3',5,5,'T3',402);
INSERT INTO HORARIO VALUES (114,'B',2011,'CICLO3',6,5,'T3',402);
INSERT INTO HORARIO VALUES (115,'B',2011,'CICLO3',7,5,'T3',402);
INSERT INTO HORARIO VALUES (111,'B',2011,'CICLO3',1,6,'T3',402);
INSERT INTO HORARIO VALUES (112,'B',2011,'CICLO3',2,6,'T3',402);
INSERT INTO HORARIO VALUES (113,'B',2011,'CICLO3',5,6,'T3',402);
INSERT INTO HORARIO VALUES (114,'B',2011,'CICLO3',6,6,'T3',402);
INSERT INTO HORARIO VALUES (115,'B',2011,'CICLO3',7,6,'T3',402);
-- CICLO4 2011 Sección A - Salón T3-302
INSERT INTO HORARIO VALUES (116,'A',2011,'CICLO4',1,2,'T3',302);
INSERT INTO HORARIO VALUES (117,'A',2011,'CICLO4',2,2,'T3',302);
INSERT INTO HORARIO VALUES (118,'A',2011,'CICLO4',5,2,'T3',302);
INSERT INTO HORARIO VALUES (119,'A',2011,'CICLO4',6,2,'T3',302);
INSERT INTO HORARIO VALUES (120,'A',2011,'CICLO4',7,2,'T3',302);
INSERT INTO HORARIO VALUES (116,'A',2011,'CICLO4',1,3,'T3',302);
INSERT INTO HORARIO VALUES (117,'A',2011,'CICLO4',2,3,'T3',302);
INSERT INTO HORARIO VALUES (118,'A',2011,'CICLO4',5,3,'T3',302);
INSERT INTO HORARIO VALUES (119,'A',2011,'CICLO4',6,3,'T3',302);
INSERT INTO HORARIO VALUES (120,'A',2011,'CICLO4',7,3,'T3',302);
INSERT INTO HORARIO VALUES (116,'A',2011,'CICLO4',1,4,'T3',302);
INSERT INTO HORARIO VALUES (117,'A',2011,'CICLO4',2,4,'T3',302);
INSERT INTO HORARIO VALUES (118,'A',2011,'CICLO4',5,4,'T3',302);
INSERT INTO HORARIO VALUES (119,'A',2011,'CICLO4',6,4,'T3',302);
INSERT INTO HORARIO VALUES (120,'A',2011,'CICLO4',7,4,'T3',302);
-- CICLO4 2011 Sección B - Salón T3-303
INSERT INTO HORARIO VALUES (116,'B',2011,'CICLO4',1,1,'T3',303);
INSERT INTO HORARIO VALUES (117,'B',2011,'CICLO4',2,1,'T3',303);
INSERT INTO HORARIO VALUES (118,'B',2011,'CICLO4',5,1,'T3',303);
INSERT INTO HORARIO VALUES (119,'B',2011,'CICLO4',6,1,'T3',303);
INSERT INTO HORARIO VALUES (120,'B',2011,'CICLO4',7,1,'T3',303);
INSERT INTO HORARIO VALUES (116,'B',2011,'CICLO4',1,3,'T3',303);
INSERT INTO HORARIO VALUES (117,'B',2011,'CICLO4',2,3,'T3',303);
INSERT INTO HORARIO VALUES (118,'B',2011,'CICLO4',5,3,'T3',303);
INSERT INTO HORARIO VALUES (119,'B',2011,'CICLO4',6,3,'T3',303);
INSERT INTO HORARIO VALUES (120,'B',2011,'CICLO4',7,3,'T3',303);
INSERT INTO HORARIO VALUES (116,'B',2011,'CICLO4',1,5,'T3',303);
INSERT INTO HORARIO VALUES (117,'B',2011,'CICLO4',2,5,'T3',303);
INSERT INTO HORARIO VALUES (118,'B',2011,'CICLO4',5,5,'T3',303);
INSERT INTO HORARIO VALUES (119,'B',2011,'CICLO4',6,5,'T3',303);
INSERT INTO HORARIO VALUES (120,'B',2011,'CICLO4',7,5,'T3',303);
-- CICLO5 2012 Sección A - Salones variados
INSERT INTO HORARIO VALUES (121,'A',2012,'CICLO5',1,1,'T3',103);
INSERT INTO HORARIO VALUES (122,'A',2012,'CICLO5',2,1,'T3',104);
INSERT INTO HORARIO VALUES (123,'A',2012,'CICLO5',5,1,'T3',105);
INSERT INTO HORARIO VALUES (124,'A',2012,'CICLO5',6,1,'T3',203);
INSERT INTO HORARIO VALUES (125,'A',2012,'CICLO5',7,1,'T3',204);
INSERT INTO HORARIO VALUES (121,'A',2012,'CICLO5',1,2,'T3',401);
INSERT INTO HORARIO VALUES (122,'A',2012,'CICLO5',2,2,'T3',401);
INSERT INTO HORARIO VALUES (123,'A',2012,'CICLO5',5,2,'T3',401);
INSERT INTO HORARIO VALUES (124,'A',2012,'CICLO5',6,2,'T3',401);
INSERT INTO HORARIO VALUES (125,'A',2012,'CICLO5',7,2,'T3',401);
INSERT INTO HORARIO VALUES (121,'A',2012,'CICLO5',1,3,'T3',401);
INSERT INTO HORARIO VALUES (122,'A',2012,'CICLO5',2,3,'T3',401);
INSERT INTO HORARIO VALUES (123,'A',2012,'CICLO5',5,3,'T3',401);
INSERT INTO HORARIO VALUES (124,'A',2012,'CICLO5',6,3,'T3',401);
INSERT INTO HORARIO VALUES (125,'A',2012,'CICLO5',7,3,'T3',401);
-- CICLO5 2012 Sección B - Salón T3-402
INSERT INTO HORARIO VALUES (121,'B',2012,'CICLO5',1,4,'T3',402);
INSERT INTO HORARIO VALUES (122,'B',2012,'CICLO5',2,4,'T3',402);
INSERT INTO HORARIO VALUES (123,'B',2012,'CICLO5',5,4,'T3',402);
INSERT INTO HORARIO VALUES (124,'B',2012,'CICLO5',6,4,'T3',402);
INSERT INTO HORARIO VALUES (125,'B',2012,'CICLO5',7,4,'T3',402);
INSERT INTO HORARIO VALUES (121,'B',2012,'CICLO5',1,5,'T3',402);
INSERT INTO HORARIO VALUES (122,'B',2012,'CICLO5',2,5,'T3',402);
INSERT INTO HORARIO VALUES (123,'B',2012,'CICLO5',5,5,'T3',402);
INSERT INTO HORARIO VALUES (124,'B',2012,'CICLO5',6,5,'T3',402);
INSERT INTO HORARIO VALUES (125,'B',2012,'CICLO5',7,5,'T3',402);
INSERT INTO HORARIO VALUES (121,'B',2012,'CICLO5',1,6,'T3',402);
INSERT INTO HORARIO VALUES (122,'B',2012,'CICLO5',2,6,'T3',402);
INSERT INTO HORARIO VALUES (123,'B',2012,'CICLO5',5,6,'T3',402);
INSERT INTO HORARIO VALUES (124,'B',2012,'CICLO5',6,6,'T3',402);
INSERT INTO HORARIO VALUES (125,'B',2012,'CICLO5',7,6,'T3',402);
-- CICLO6 2012 Sección A - Salón T3-302
INSERT INTO HORARIO VALUES (126,'A',2012,'CICLO6',1,2,'T3',302);
INSERT INTO HORARIO VALUES (127,'A',2012,'CICLO6',2,2,'T3',302);
INSERT INTO HORARIO VALUES (128,'A',2012,'CICLO6',5,2,'T3',302);
INSERT INTO HORARIO VALUES (129,'A',2012,'CICLO6',6,2,'T3',302);
INSERT INTO HORARIO VALUES (130,'A',2012,'CICLO6',7,2,'T3',302);
INSERT INTO HORARIO VALUES (126,'A',2012,'CICLO6',1,3,'T3',302);
INSERT INTO HORARIO VALUES (127,'A',2012,'CICLO6',2,3,'T3',302);
INSERT INTO HORARIO VALUES (128,'A',2012,'CICLO6',5,3,'T3',302);
INSERT INTO HORARIO VALUES (129,'A',2012,'CICLO6',6,3,'T3',302);
INSERT INTO HORARIO VALUES (130,'A',2012,'CICLO6',7,3,'T3',302);
INSERT INTO HORARIO VALUES (126,'A',2012,'CICLO6',1,4,'T3',302);
INSERT INTO HORARIO VALUES (127,'A',2012,'CICLO6',2,4,'T3',302);
INSERT INTO HORARIO VALUES (128,'A',2012,'CICLO6',5,4,'T3',302);
INSERT INTO HORARIO VALUES (129,'A',2012,'CICLO6',6,4,'T3',302);
INSERT INTO HORARIO VALUES (130,'A',2012,'CICLO6',7,4,'T3',302);
-- CICLO6 2012 Sección B - Salón T3-303
INSERT INTO HORARIO VALUES (126,'B',2012,'CICLO6',1,1,'T3',303);
INSERT INTO HORARIO VALUES (127,'B',2012,'CICLO6',2,1,'T3',303);
INSERT INTO HORARIO VALUES (128,'B',2012,'CICLO6',5,1,'T3',303);
INSERT INTO HORARIO VALUES (129,'B',2012,'CICLO6',6,1,'T3',303);
INSERT INTO HORARIO VALUES (130,'B',2012,'CICLO6',7,1,'T3',303);
INSERT INTO HORARIO VALUES (126,'B',2012,'CICLO6',1,3,'T3',303);
INSERT INTO HORARIO VALUES (127,'B',2012,'CICLO6',2,3,'T3',303);
INSERT INTO HORARIO VALUES (128,'B',2012,'CICLO6',5,3,'T3',303);
INSERT INTO HORARIO VALUES (129,'B',2012,'CICLO6',6,3,'T3',303);
INSERT INTO HORARIO VALUES (130,'B',2012,'CICLO6',7,3,'T3',303);
INSERT INTO HORARIO VALUES (126,'B',2012,'CICLO6',1,5,'T3',303);
INSERT INTO HORARIO VALUES (127,'B',2012,'CICLO6',2,5,'T3',303);
INSERT INTO HORARIO VALUES (128,'B',2012,'CICLO6',5,5,'T3',303);
INSERT INTO HORARIO VALUES (129,'B',2012,'CICLO6',6,5,'T3',303);
INSERT INTO HORARIO VALUES (130,'B',2012,'CICLO6',7,5,'T3',303);
-- CICLO7 2013 Sección A - Salón T3-101
INSERT INTO HORARIO VALUES (131,'A',2013,'CICLO7',1,1,'T3',101);
INSERT INTO HORARIO VALUES (132,'A',2013,'CICLO7',2,1,'T3',101);
INSERT INTO HORARIO VALUES (133,'A',2013,'CICLO7',5,1,'T3',101);
INSERT INTO HORARIO VALUES (134,'A',2013,'CICLO7',6,1,'T3',101);
INSERT INTO HORARIO VALUES (135,'A',2013,'CICLO7',7,1,'T3',101);
INSERT INTO HORARIO VALUES (131,'A',2013,'CICLO7',1,3,'T3',101);
INSERT INTO HORARIO VALUES (132,'A',2013,'CICLO7',2,3,'T3',101);
INSERT INTO HORARIO VALUES (133,'A',2013,'CICLO7',5,3,'T3',101);
INSERT INTO HORARIO VALUES (134,'A',2013,'CICLO7',6,3,'T3',101);
INSERT INTO HORARIO VALUES (135,'A',2013,'CICLO7',7,3,'T3',101);
INSERT INTO HORARIO VALUES (131,'A',2013,'CICLO7',1,5,'T3',101);
INSERT INTO HORARIO VALUES (132,'A',2013,'CICLO7',2,5,'T3',101);
INSERT INTO HORARIO VALUES (133,'A',2013,'CICLO7',5,5,'T3',101);
INSERT INTO HORARIO VALUES (134,'A',2013,'CICLO7',6,5,'T3',101);
INSERT INTO HORARIO VALUES (135,'A',2013,'CICLO7',7,5,'T3',101);
-- CICLO7 2013 Sección B - Salón T3-102
INSERT INTO HORARIO VALUES (131,'B',2013,'CICLO7',1,1,'T3',102);
INSERT INTO HORARIO VALUES (132,'B',2013,'CICLO7',2,1,'T3',102);
INSERT INTO HORARIO VALUES (133,'B',2013,'CICLO7',5,1,'T3',102);
INSERT INTO HORARIO VALUES (134,'B',2013,'CICLO7',6,1,'T3',102);
INSERT INTO HORARIO VALUES (135,'B',2013,'CICLO7',7,1,'T3',102);
INSERT INTO HORARIO VALUES (131,'B',2013,'CICLO7',1,3,'T3',102);
INSERT INTO HORARIO VALUES (132,'B',2013,'CICLO7',2,3,'T3',102);
INSERT INTO HORARIO VALUES (133,'B',2013,'CICLO7',5,3,'T3',102);
INSERT INTO HORARIO VALUES (134,'B',2013,'CICLO7',6,3,'T3',102);
INSERT INTO HORARIO VALUES (135,'B',2013,'CICLO7',7,3,'T3',102);
INSERT INTO HORARIO VALUES (131,'B',2013,'CICLO7',1,5,'T3',102);
INSERT INTO HORARIO VALUES (132,'B',2013,'CICLO7',2,5,'T3',102);
INSERT INTO HORARIO VALUES (133,'B',2013,'CICLO7',5,5,'T3',102);
INSERT INTO HORARIO VALUES (134,'B',2013,'CICLO7',6,5,'T3',102);
INSERT INTO HORARIO VALUES (135,'B',2013,'CICLO7',7,5,'T3',102);
-- CICLO8 2013 Sección A - Salón T3-201
INSERT INTO HORARIO VALUES (136,'A',2013,'CICLO8',1,2,'T3',201);
INSERT INTO HORARIO VALUES (137,'A',2013,'CICLO8',2,2,'T3',201);
INSERT INTO HORARIO VALUES (138,'A',2013,'CICLO8',5,2,'T3',201);
INSERT INTO HORARIO VALUES (139,'A',2013,'CICLO8',6,2,'T3',201);
INSERT INTO HORARIO VALUES (140,'A',2013,'CICLO8',7,2,'T3',201);
INSERT INTO HORARIO VALUES (136,'A',2013,'CICLO8',1,3,'T3',201);
INSERT INTO HORARIO VALUES (137,'A',2013,'CICLO8',2,3,'T3',201);
INSERT INTO HORARIO VALUES (138,'A',2013,'CICLO8',5,3,'T3',201);
INSERT INTO HORARIO VALUES (139,'A',2013,'CICLO8',6,3,'T3',201);
INSERT INTO HORARIO VALUES (140,'A',2013,'CICLO8',7,3,'T3',201);
INSERT INTO HORARIO VALUES (136,'A',2013,'CICLO8',1,4,'T3',201);
INSERT INTO HORARIO VALUES (137,'A',2013,'CICLO8',2,4,'T3',201);
INSERT INTO HORARIO VALUES (138,'A',2013,'CICLO8',5,4,'T3',201);
INSERT INTO HORARIO VALUES (139,'A',2013,'CICLO8',6,4,'T3',201);
INSERT INTO HORARIO VALUES (140,'A',2013,'CICLO8',7,4,'T3',201);
-- CICLO8 2013 Sección B - Salón T3-202
INSERT INTO HORARIO VALUES (136,'B',2013,'CICLO8',1,2,'T3',202);
INSERT INTO HORARIO VALUES (137,'B',2013,'CICLO8',2,2,'T3',202);
INSERT INTO HORARIO VALUES (138,'B',2013,'CICLO8',5,2,'T3',202);
INSERT INTO HORARIO VALUES (139,'B',2013,'CICLO8',6,2,'T3',202);
INSERT INTO HORARIO VALUES (140,'B',2013,'CICLO8',7,2,'T3',202);
INSERT INTO HORARIO VALUES (136,'B',2013,'CICLO8',1,3,'T3',202);
INSERT INTO HORARIO VALUES (137,'B',2013,'CICLO8',2,3,'T3',202);
INSERT INTO HORARIO VALUES (138,'B',2013,'CICLO8',5,3,'T3',202);
INSERT INTO HORARIO VALUES (139,'B',2013,'CICLO8',6,3,'T3',202);
INSERT INTO HORARIO VALUES (140,'B',2013,'CICLO8',7,3,'T3',202);
INSERT INTO HORARIO VALUES (136,'B',2013,'CICLO8',1,4,'T3',202);
INSERT INTO HORARIO VALUES (137,'B',2013,'CICLO8',2,4,'T3',202);
INSERT INTO HORARIO VALUES (138,'B',2013,'CICLO8',5,4,'T3',202);
INSERT INTO HORARIO VALUES (139,'B',2013,'CICLO8',6,4,'T3',202);
INSERT INTO HORARIO VALUES (140,'B',2013,'CICLO8',7,4,'T3',202);
-- CICLO9 2014 Sección A - Salón T3-101
INSERT INTO HORARIO VALUES (141,'A',2014,'CICLO9',1,1,'T3',101);
INSERT INTO HORARIO VALUES (142,'A',2014,'CICLO9',2,1,'T3',101);
INSERT INTO HORARIO VALUES (143,'A',2014,'CICLO9',5,1,'T3',101);
INSERT INTO HORARIO VALUES (144,'A',2014,'CICLO9',6,1,'T3',101);
INSERT INTO HORARIO VALUES (145,'A',2014,'CICLO9',7,1,'T3',101);
INSERT INTO HORARIO VALUES (141,'A',2014,'CICLO9',1,3,'T3',101);
INSERT INTO HORARIO VALUES (142,'A',2014,'CICLO9',2,3,'T3',101);
INSERT INTO HORARIO VALUES (143,'A',2014,'CICLO9',5,3,'T3',101);
INSERT INTO HORARIO VALUES (144,'A',2014,'CICLO9',6,3,'T3',101);
INSERT INTO HORARIO VALUES (145,'A',2014,'CICLO9',7,3,'T3',101);
INSERT INTO HORARIO VALUES (141,'A',2014,'CICLO9',1,5,'T3',101);
INSERT INTO HORARIO VALUES (142,'A',2014,'CICLO9',2,5,'T3',101);
INSERT INTO HORARIO VALUES (143,'A',2014,'CICLO9',5,5,'T3',101);
INSERT INTO HORARIO VALUES (144,'A',2014,'CICLO9',6,5,'T3',101);
INSERT INTO HORARIO VALUES (145,'A',2014,'CICLO9',7,5,'T3',101);
-- CICLO9 2014 Sección B - Salón T3-102
INSERT INTO HORARIO VALUES (141,'B',2014,'CICLO9',1,1,'T3',102);
INSERT INTO HORARIO VALUES (142,'B',2014,'CICLO9',2,1,'T3',102);
INSERT INTO HORARIO VALUES (143,'B',2014,'CICLO9',5,1,'T3',102);
INSERT INTO HORARIO VALUES (144,'B',2014,'CICLO9',6,1,'T3',102);
INSERT INTO HORARIO VALUES (145,'B',2014,'CICLO9',7,1,'T3',102);
INSERT INTO HORARIO VALUES (141,'B',2014,'CICLO9',1,3,'T3',102);
INSERT INTO HORARIO VALUES (142,'B',2014,'CICLO9',2,3,'T3',102);
INSERT INTO HORARIO VALUES (143,'B',2014,'CICLO9',5,3,'T3',102);
INSERT INTO HORARIO VALUES (144,'B',2014,'CICLO9',6,3,'T3',102);
INSERT INTO HORARIO VALUES (145,'B',2014,'CICLO9',7,3,'T3',102);
INSERT INTO HORARIO VALUES (141,'B',2014,'CICLO9',1,5,'T3',102);
INSERT INTO HORARIO VALUES (142,'B',2014,'CICLO9',2,5,'T3',102);
INSERT INTO HORARIO VALUES (143,'B',2014,'CICLO9',5,5,'T3',102);
INSERT INTO HORARIO VALUES (144,'B',2014,'CICLO9',6,5,'T3',102);
INSERT INTO HORARIO VALUES (145,'B',2014,'CICLO9',7,5,'T3',102);
-- CICLO10 2014 Sección A - Salón T3-201
INSERT INTO HORARIO VALUES (146,'A',2014,'CICLO10',1,2,'T3',201);
INSERT INTO HORARIO VALUES (147,'A',2014,'CICLO10',2,2,'T3',201);
INSERT INTO HORARIO VALUES (148,'A',2014,'CICLO10',5,2,'T3',201);
INSERT INTO HORARIO VALUES (149,'A',2014,'CICLO10',6,2,'T3',201);
INSERT INTO HORARIO VALUES (150,'A',2014,'CICLO10',7,2,'T3',201);
INSERT INTO HORARIO VALUES (146,'A',2014,'CICLO10',1,3,'T3',201);
INSERT INTO HORARIO VALUES (147,'A',2014,'CICLO10',2,3,'T3',201);
INSERT INTO HORARIO VALUES (148,'A',2014,'CICLO10',5,3,'T3',201);
INSERT INTO HORARIO VALUES (149,'A',2014,'CICLO10',6,3,'T3',201);
INSERT INTO HORARIO VALUES (150,'A',2014,'CICLO10',7,3,'T3',201);
INSERT INTO HORARIO VALUES (146,'A',2014,'CICLO10',1,4,'T3',201);
INSERT INTO HORARIO VALUES (147,'A',2014,'CICLO10',2,4,'T3',201);
INSERT INTO HORARIO VALUES (148,'A',2014,'CICLO10',5,4,'T3',201);
INSERT INTO HORARIO VALUES (149,'A',2014,'CICLO10',6,4,'T3',201);
INSERT INTO HORARIO VALUES (150,'A',2014,'CICLO10',7,4,'T3',201);
-- CICLO10 2014 Sección B - Salón T3-202
INSERT INTO HORARIO VALUES (146,'B',2014,'CICLO10',1,2,'T3',202);
INSERT INTO HORARIO VALUES (147,'B',2014,'CICLO10',2,2,'T3',202);
INSERT INTO HORARIO VALUES (148,'B',2014,'CICLO10',5,2,'T3',202);
INSERT INTO HORARIO VALUES (149,'B',2014,'CICLO10',6,2,'T3',202);
INSERT INTO HORARIO VALUES (150,'B',2014,'CICLO10',7,2,'T3',202);
INSERT INTO HORARIO VALUES (146,'B',2014,'CICLO10',1,3,'T3',202);
INSERT INTO HORARIO VALUES (147,'B',2014,'CICLO10',2,3,'T3',202);
INSERT INTO HORARIO VALUES (148,'B',2014,'CICLO10',5,3,'T3',202);
INSERT INTO HORARIO VALUES (149,'B',2014,'CICLO10',6,3,'T3',202);
INSERT INTO HORARIO VALUES (150,'B',2014,'CICLO10',7,3,'T3',202);
INSERT INTO HORARIO VALUES (146,'B',2014,'CICLO10',1,4,'T3',202);
INSERT INTO HORARIO VALUES (147,'B',2014,'CICLO10',2,4,'T3',202);
INSERT INTO HORARIO VALUES (148,'B',2014,'CICLO10',5,4,'T3',202);
INSERT INTO HORARIO VALUES (149,'B',2014,'CICLO10',6,4,'T3',202);
INSERT INTO HORARIO VALUES (150,'B',2014,'CICLO10',7,4,'T3',202);
COMMIT;

-- ------------------------------------------------------------
-- INSERT ASIGNACION
-- Solo existe data para CARNET 1001 - Sección A
-- (CARNET, CURSO, SECCION, ANIO, CICLO, ZONA, NOTA)
-- ------------------------------------------------------------
INSERT INTO ASIGNACION VALUES (1001,101,'A',2010,'CICLO1', 75,91);
INSERT INTO ASIGNACION VALUES (1001,102,'A',2010,'CICLO1', 62,85);
INSERT INTO ASIGNACION VALUES (1001,103,'A',2010,'CICLO1', 64,74);
INSERT INTO ASIGNACION VALUES (1001,104,'A',2010,'CICLO1', 68,90);
INSERT INTO ASIGNACION VALUES (1001,105,'A',2010,'CICLO1', 67,78);
INSERT INTO ASIGNACION VALUES (1001,106,'A',2010,'CICLO2', 70,86);
INSERT INTO ASIGNACION VALUES (1001,107,'A',2010,'CICLO2', 72,84);
INSERT INTO ASIGNACION VALUES (1001,108,'A',2010,'CICLO2', 73,95);
INSERT INTO ASIGNACION VALUES (1001,109,'A',2010,'CICLO2', 61,72);
INSERT INTO ASIGNACION VALUES (1001,110,'A',2010,'CICLO2', 60,76);
INSERT INTO ASIGNACION VALUES (1001,111,'A',2011,'CICLO3', 59,73);
INSERT INTO ASIGNACION VALUES (1001,112,'A',2011,'CICLO3', 75,89);
INSERT INTO ASIGNACION VALUES (1001,113,'A',2011,'CICLO3', 62,74);
INSERT INTO ASIGNACION VALUES (1001,114,'A',2011,'CICLO3', 64,82);
INSERT INTO ASIGNACION VALUES (1001,115,'A',2011,'CICLO3', 68,91);
INSERT INTO ASIGNACION VALUES (1001,116,'A',2011,'CICLO4', 67,80);
INSERT INTO ASIGNACION VALUES (1001,117,'A',2011,'CICLO4', 70,94);
INSERT INTO ASIGNACION VALUES (1001,118,'A',2011,'CICLO4', 72,92);
INSERT INTO ASIGNACION VALUES (1001,119,'A',2011,'CICLO4', 73,96);
INSERT INTO ASIGNACION VALUES (1001,120,'A',2011,'CICLO4', 61,72);
INSERT INTO ASIGNACION VALUES (1001,121,'A',2012,'CICLO5', 60,72);
INSERT INTO ASIGNACION VALUES (1001,122,'A',2012,'CICLO5', 59,82);
INSERT INTO ASIGNACION VALUES (1001,123,'A',2012,'CICLO5', 75,85);
INSERT INTO ASIGNACION VALUES (1001,124,'A',2012,'CICLO5', 62,77);
INSERT INTO ASIGNACION VALUES (1001,125,'A',2012,'CICLO5', 64,79);
INSERT INTO ASIGNACION VALUES (1001,126,'A',2012,'CICLO6', 68,83);
INSERT INTO ASIGNACION VALUES (1001,127,'A',2012,'CICLO6', 67,83);
INSERT INTO ASIGNACION VALUES (1001,128,'A',2012,'CICLO6', 70,88);
INSERT INTO ASIGNACION VALUES (1001,129,'A',2012,'CICLO6', 72,91);
INSERT INTO ASIGNACION VALUES (1001,130,'A',2012,'CICLO6', 73,88);
INSERT INTO ASIGNACION VALUES (1001,131,'A',2013,'CICLO7', 61,77);
INSERT INTO ASIGNACION VALUES (1001,132,'A',2013,'CICLO7', 60,75);
INSERT INTO ASIGNACION VALUES (1001,133,'A',2013,'CICLO7', 59,71);
INSERT INTO ASIGNACION VALUES (1001,134,'A',2013,'CICLO7', 75,100);
INSERT INTO ASIGNACION VALUES (1001,135,'A',2013,'CICLO7', 62,80);
INSERT INTO ASIGNACION VALUES (1001,136,'A',2013,'CICLO8', 64,88);
INSERT INTO ASIGNACION VALUES (1001,137,'A',2013,'CICLO8', 68,89);
INSERT INTO ASIGNACION VALUES (1001,138,'A',2013,'CICLO8', 67,91);
INSERT INTO ASIGNACION VALUES (1001,139,'A',2013,'CICLO8', 70,92);
INSERT INTO ASIGNACION VALUES (1001,140,'A',2013,'CICLO8', 72,83);
INSERT INTO ASIGNACION VALUES (1001,141,'A',2014,'CICLO9', 73,85);
INSERT INTO ASIGNACION VALUES (1001,142,'A',2014,'CICLO9', 61,73);
INSERT INTO ASIGNACION VALUES (1001,143,'A',2014,'CICLO9', 60,74);
INSERT INTO ASIGNACION VALUES (1001,144,'A',2014,'CICLO9', 59,81);
INSERT INTO ASIGNACION VALUES (1001,145,'A',2014,'CICLO9', 68,89);
INSERT INTO ASIGNACION VALUES (1001,146,'A',2014,'CICLO10',69,84);
INSERT INTO ASIGNACION VALUES (1001,147,'A',2014,'CICLO10',73,84);
INSERT INTO ASIGNACION VALUES (1001,148,'A',2014,'CICLO10',75,93);
INSERT INTO ASIGNACION VALUES (1001,149,'A',2014,'CICLO10',60,78);
INSERT INTO ASIGNACION VALUES (1001,150,'A',2014,'CICLO10',55,72);
COMMIT;

-- ============================================================
-- FIN DEL SCRIPT
-- ============================================================