-- ============================================================
-- BASE DE DATOS 1 - PRACTICA NO. 2
-- Al final ejecuta COMMIT si todo esta bien, o ROLLBACK si quieres revertir todo.
-- ============================================================

-- ---- DEPARTAMENTO ----
INSERT INTO DEPARTAMENTO (ID_DEPARTAMENTO, NOMBRE, CODIGO) VALUES (1, 'GUATEMALA', 1);
INSERT INTO DEPARTAMENTO (ID_DEPARTAMENTO, NOMBRE, CODIGO) VALUES (2, 'EL PROGRESO', 2);
INSERT INTO DEPARTAMENTO (ID_DEPARTAMENTO, NOMBRE, CODIGO) VALUES (3, 'SACATEPEQUEZ', 3);
INSERT INTO DEPARTAMENTO (ID_DEPARTAMENTO, NOMBRE, CODIGO) VALUES (4, 'CHIMALTENANGO', 4);
INSERT INTO DEPARTAMENTO (ID_DEPARTAMENTO, NOMBRE, CODIGO) VALUES (5, 'ESCUINTLA', 5);
INSERT INTO DEPARTAMENTO (ID_DEPARTAMENTO, NOMBRE, CODIGO) VALUES (6, 'SANTA ROSA', 6);
INSERT INTO DEPARTAMENTO (ID_DEPARTAMENTO, NOMBRE, CODIGO) VALUES (7, 'SOLOLA', 7);
INSERT INTO DEPARTAMENTO (ID_DEPARTAMENTO, NOMBRE, CODIGO) VALUES (8, 'TOTONICAPAN', 8);
INSERT INTO DEPARTAMENTO (ID_DEPARTAMENTO, NOMBRE, CODIGO) VALUES (9, 'QUETZALTENANGO', 9);
INSERT INTO DEPARTAMENTO (ID_DEPARTAMENTO, NOMBRE, CODIGO) VALUES (10, 'SUCHITEPEQUEZ', 10);
INSERT INTO DEPARTAMENTO (ID_DEPARTAMENTO, NOMBRE, CODIGO) VALUES (11, 'RETALHULEU', 11);
INSERT INTO DEPARTAMENTO (ID_DEPARTAMENTO, NOMBRE, CODIGO) VALUES (12, 'SAN MARCOS', 12);
INSERT INTO DEPARTAMENTO (ID_DEPARTAMENTO, NOMBRE, CODIGO) VALUES (13, 'HUEHUETENANGO', 13);
INSERT INTO DEPARTAMENTO (ID_DEPARTAMENTO, NOMBRE, CODIGO) VALUES (14, 'QUICHE', 14);
INSERT INTO DEPARTAMENTO (ID_DEPARTAMENTO, NOMBRE, CODIGO) VALUES (15, 'BAJA VERAPAZ', 15);
INSERT INTO DEPARTAMENTO (ID_DEPARTAMENTO, NOMBRE, CODIGO) VALUES (16, 'ALTA VERAPAZ', 16);
INSERT INTO DEPARTAMENTO (ID_DEPARTAMENTO, NOMBRE, CODIGO) VALUES (17, 'PETEN', 17);
INSERT INTO DEPARTAMENTO (ID_DEPARTAMENTO, NOMBRE, CODIGO) VALUES (18, 'IZABAL', 18);
INSERT INTO DEPARTAMENTO (ID_DEPARTAMENTO, NOMBRE, CODIGO) VALUES (19, 'ZACAPA', 19);
INSERT INTO DEPARTAMENTO (ID_DEPARTAMENTO, NOMBRE, CODIGO) VALUES (20, 'CHIQUIMULA', 20);
INSERT INTO DEPARTAMENTO (ID_DEPARTAMENTO, NOMBRE, CODIGO) VALUES (21, 'JALAPA', 21);
INSERT INTO DEPARTAMENTO (ID_DEPARTAMENTO, NOMBRE, CODIGO) VALUES (22, 'JUTIAPA', 22);

-- ---- MUNICIPIO ----
INSERT INTO MUNICIPIO (ID_MUNICIPIO, DEPARTAMENTO_ID_DEPARTAMENTO, NOMBRE, CODIGO) VALUES (1, 1, 'GUATEMALA', 1);
INSERT INTO MUNICIPIO (ID_MUNICIPIO, DEPARTAMENTO_ID_DEPARTAMENTO, NOMBRE, CODIGO) VALUES (2, 1, 'SANTA CATARINA PINULA', 2);
INSERT INTO MUNICIPIO (ID_MUNICIPIO, DEPARTAMENTO_ID_DEPARTAMENTO, NOMBRE, CODIGO) VALUES (3, 1, 'SAN JOSE PINULA', 3);
INSERT INTO MUNICIPIO (ID_MUNICIPIO, DEPARTAMENTO_ID_DEPARTAMENTO, NOMBRE, CODIGO) VALUES (4, 1, 'SAN JOSE DEL GOLFO', 4);
INSERT INTO MUNICIPIO (ID_MUNICIPIO, DEPARTAMENTO_ID_DEPARTAMENTO, NOMBRE, CODIGO) VALUES (5, 1, 'PALENCIA', 5);
INSERT INTO MUNICIPIO (ID_MUNICIPIO, DEPARTAMENTO_ID_DEPARTAMENTO, NOMBRE, CODIGO) VALUES (6, 1, 'CHINAUTLA', 6);
INSERT INTO MUNICIPIO (ID_MUNICIPIO, DEPARTAMENTO_ID_DEPARTAMENTO, NOMBRE, CODIGO) VALUES (7, 1, 'SAN PEDRO AYAMPUC', 7);
INSERT INTO MUNICIPIO (ID_MUNICIPIO, DEPARTAMENTO_ID_DEPARTAMENTO, NOMBRE, CODIGO) VALUES (8, 1, 'MIXCO', 8);
INSERT INTO MUNICIPIO (ID_MUNICIPIO, DEPARTAMENTO_ID_DEPARTAMENTO, NOMBRE, CODIGO) VALUES (9, 1, 'SAN PEDRO SACATEPEQUEZ', 9);
INSERT INTO MUNICIPIO (ID_MUNICIPIO, DEPARTAMENTO_ID_DEPARTAMENTO, NOMBRE, CODIGO) VALUES (10, 1, 'SAN JUAN SACATEPEQUEZ', 10);
INSERT INTO MUNICIPIO (ID_MUNICIPIO, DEPARTAMENTO_ID_DEPARTAMENTO, NOMBRE, CODIGO) VALUES (11, 1, 'SAN RAYMUNDO', 11);
INSERT INTO MUNICIPIO (ID_MUNICIPIO, DEPARTAMENTO_ID_DEPARTAMENTO, NOMBRE, CODIGO) VALUES (12, 1, 'CHUARRANCHO', 12);
INSERT INTO MUNICIPIO (ID_MUNICIPIO, DEPARTAMENTO_ID_DEPARTAMENTO, NOMBRE, CODIGO) VALUES (13, 1, 'FRAIJANES', 13);
INSERT INTO MUNICIPIO (ID_MUNICIPIO, DEPARTAMENTO_ID_DEPARTAMENTO, NOMBRE, CODIGO) VALUES (14, 1, 'AMATITLÁN', 14);
INSERT INTO MUNICIPIO (ID_MUNICIPIO, DEPARTAMENTO_ID_DEPARTAMENTO, NOMBRE, CODIGO) VALUES (15, 1, 'VILLA NUEVA', 15);
INSERT INTO MUNICIPIO (ID_MUNICIPIO, DEPARTAMENTO_ID_DEPARTAMENTO, NOMBRE, CODIGO) VALUES (16, 1, 'VILLA CANALES', 16);
INSERT INTO MUNICIPIO (ID_MUNICIPIO, DEPARTAMENTO_ID_DEPARTAMENTO, NOMBRE, CODIGO) VALUES (17, 1, 'SAN MIGUEL PETAPA', 17);
INSERT INTO MUNICIPIO (ID_MUNICIPIO, DEPARTAMENTO_ID_DEPARTAMENTO, NOMBRE, CODIGO) VALUES (18, 2, 'GUASTATOYA', 1);
INSERT INTO MUNICIPIO (ID_MUNICIPIO, DEPARTAMENTO_ID_DEPARTAMENTO, NOMBRE, CODIGO) VALUES (19, 2, 'MORAZAN', 2);
INSERT INTO MUNICIPIO (ID_MUNICIPIO, DEPARTAMENTO_ID_DEPARTAMENTO, NOMBRE, CODIGO) VALUES (20, 2, 'SAN AGUSTIN ACASAGUASTLAN', 3);
INSERT INTO MUNICIPIO (ID_MUNICIPIO, DEPARTAMENTO_ID_DEPARTAMENTO, NOMBRE, CODIGO) VALUES (21, 2, 'SAN CRISTOBAL ACASAGUASTLAN', 4);
INSERT INTO MUNICIPIO (ID_MUNICIPIO, DEPARTAMENTO_ID_DEPARTAMENTO, NOMBRE, CODIGO) VALUES (22, 2, 'EL JICARO', 5);
INSERT INTO MUNICIPIO (ID_MUNICIPIO, DEPARTAMENTO_ID_DEPARTAMENTO, NOMBRE, CODIGO) VALUES (23, 2, 'SANSARE', 6);
INSERT INTO MUNICIPIO (ID_MUNICIPIO, DEPARTAMENTO_ID_DEPARTAMENTO, NOMBRE, CODIGO) VALUES (24, 2, 'SANARATE', 7);
INSERT INTO MUNICIPIO (ID_MUNICIPIO, DEPARTAMENTO_ID_DEPARTAMENTO, NOMBRE, CODIGO) VALUES (25, 2, 'SAN ANTONIO LA PAZ', 8);
INSERT INTO MUNICIPIO (ID_MUNICIPIO, DEPARTAMENTO_ID_DEPARTAMENTO, NOMBRE, CODIGO) VALUES (26, 3, 'ANTIGUA GUATEMALA', 1);
INSERT INTO MUNICIPIO (ID_MUNICIPIO, DEPARTAMENTO_ID_DEPARTAMENTO, NOMBRE, CODIGO) VALUES (27, 3, 'JOCOTENANGO', 2);
INSERT INTO MUNICIPIO (ID_MUNICIPIO, DEPARTAMENTO_ID_DEPARTAMENTO, NOMBRE, CODIGO) VALUES (28, 3, 'PASTORES', 3);
INSERT INTO MUNICIPIO (ID_MUNICIPIO, DEPARTAMENTO_ID_DEPARTAMENTO, NOMBRE, CODIGO) VALUES (29, 3, 'SUMPANGO', 4);
INSERT INTO MUNICIPIO (ID_MUNICIPIO, DEPARTAMENTO_ID_DEPARTAMENTO, NOMBRE, CODIGO) VALUES (30, 3, 'SANTO DOMINGO XENACOJ', 5);
INSERT INTO MUNICIPIO (ID_MUNICIPIO, DEPARTAMENTO_ID_DEPARTAMENTO, NOMBRE, CODIGO) VALUES (31, 3, 'SANTIAGO SACATEPEQUEZ', 6);
INSERT INTO MUNICIPIO (ID_MUNICIPIO, DEPARTAMENTO_ID_DEPARTAMENTO, NOMBRE, CODIGO) VALUES (32, 3, 'SAN BARTOLOME MILPAS ALTAS', 7);
INSERT INTO MUNICIPIO (ID_MUNICIPIO, DEPARTAMENTO_ID_DEPARTAMENTO, NOMBRE, CODIGO) VALUES (33, 3, 'SAN LUCAS SACATEPÉQUEZ', 8);
INSERT INTO MUNICIPIO (ID_MUNICIPIO, DEPARTAMENTO_ID_DEPARTAMENTO, NOMBRE, CODIGO) VALUES (34, 3, 'SANTA LUCIA MILPAS ALTAS', 9);
INSERT INTO MUNICIPIO (ID_MUNICIPIO, DEPARTAMENTO_ID_DEPARTAMENTO, NOMBRE, CODIGO) VALUES (35, 3, 'MAGDALENA MILPAS ALTAS', 10);
INSERT INTO MUNICIPIO (ID_MUNICIPIO, DEPARTAMENTO_ID_DEPARTAMENTO, NOMBRE, CODIGO) VALUES (36, 3, 'SANTA MARÍA DE JESÚS', 11);
INSERT INTO MUNICIPIO (ID_MUNICIPIO, DEPARTAMENTO_ID_DEPARTAMENTO, NOMBRE, CODIGO) VALUES (37, 3, 'CIUDAD VIEJA', 12);
INSERT INTO MUNICIPIO (ID_MUNICIPIO, DEPARTAMENTO_ID_DEPARTAMENTO, NOMBRE, CODIGO) VALUES (38, 3, 'SAN MIGUEL DUEÑAS', 13);
INSERT INTO MUNICIPIO (ID_MUNICIPIO, DEPARTAMENTO_ID_DEPARTAMENTO, NOMBRE, CODIGO) VALUES (39, 3, 'SAN JUAN ALOTENANGO', 14);
INSERT INTO MUNICIPIO (ID_MUNICIPIO, DEPARTAMENTO_ID_DEPARTAMENTO, NOMBRE, CODIGO) VALUES (40, 3, 'SAN ANTONIO AGUAS CALIENTES', 15);
INSERT INTO MUNICIPIO (ID_MUNICIPIO, DEPARTAMENTO_ID_DEPARTAMENTO, NOMBRE, CODIGO) VALUES (41, 3, 'SANTA CATARINA BARAHONA', 16);
INSERT INTO MUNICIPIO (ID_MUNICIPIO, DEPARTAMENTO_ID_DEPARTAMENTO, NOMBRE, CODIGO) VALUES (42, 4, 'CHIMALTENANGO', 1);
INSERT INTO MUNICIPIO (ID_MUNICIPIO, DEPARTAMENTO_ID_DEPARTAMENTO, NOMBRE, CODIGO) VALUES (43, 4, 'SAN JOSE POAQUIL', 2);
INSERT INTO MUNICIPIO (ID_MUNICIPIO, DEPARTAMENTO_ID_DEPARTAMENTO, NOMBRE, CODIGO) VALUES (44, 4, 'SAN MARTIN JILOTEPEQUE', 3);
INSERT INTO MUNICIPIO (ID_MUNICIPIO, DEPARTAMENTO_ID_DEPARTAMENTO, NOMBRE, CODIGO) VALUES (45, 4, 'SAN JUAN COMALAPA', 4);
INSERT INTO MUNICIPIO (ID_MUNICIPIO, DEPARTAMENTO_ID_DEPARTAMENTO, NOMBRE, CODIGO) VALUES (46, 4, 'SANTA APOLONIA', 5);
INSERT INTO MUNICIPIO (ID_MUNICIPIO, DEPARTAMENTO_ID_DEPARTAMENTO, NOMBRE, CODIGO) VALUES (47, 4, 'TECPAN GUATEMALA', 6);
INSERT INTO MUNICIPIO (ID_MUNICIPIO, DEPARTAMENTO_ID_DEPARTAMENTO, NOMBRE, CODIGO) VALUES (48, 4, 'PATZUN', 7);
INSERT INTO MUNICIPIO (ID_MUNICIPIO, DEPARTAMENTO_ID_DEPARTAMENTO, NOMBRE, CODIGO) VALUES (49, 4, 'POCHUTA', 8);
INSERT INTO MUNICIPIO (ID_MUNICIPIO, DEPARTAMENTO_ID_DEPARTAMENTO, NOMBRE, CODIGO) VALUES (50, 4, 'PATZICIA', 9);
INSERT INTO MUNICIPIO (ID_MUNICIPIO, DEPARTAMENTO_ID_DEPARTAMENTO, NOMBRE, CODIGO) VALUES (51, 4, 'SANTA CRUZ BALANYA', 10);
INSERT INTO MUNICIPIO (ID_MUNICIPIO, DEPARTAMENTO_ID_DEPARTAMENTO, NOMBRE, CODIGO) VALUES (52, 4, 'ACATENANGO', 11);
INSERT INTO MUNICIPIO (ID_MUNICIPIO, DEPARTAMENTO_ID_DEPARTAMENTO, NOMBRE, CODIGO) VALUES (53, 4, 'SAN PEDRO YEPOCAPA', 12);
INSERT INTO MUNICIPIO (ID_MUNICIPIO, DEPARTAMENTO_ID_DEPARTAMENTO, NOMBRE, CODIGO) VALUES (54, 4, 'SAN ANDRES ITZAPA', 13);
INSERT INTO MUNICIPIO (ID_MUNICIPIO, DEPARTAMENTO_ID_DEPARTAMENTO, NOMBRE, CODIGO) VALUES (55, 4, 'PARRAMOS', 14);
INSERT INTO MUNICIPIO (ID_MUNICIPIO, DEPARTAMENTO_ID_DEPARTAMENTO, NOMBRE, CODIGO) VALUES (56, 4, 'ZARAGOZA', 15);
INSERT INTO MUNICIPIO (ID_MUNICIPIO, DEPARTAMENTO_ID_DEPARTAMENTO, NOMBRE, CODIGO) VALUES (57, 4, 'EL TEJAR', 16);
INSERT INTO MUNICIPIO (ID_MUNICIPIO, DEPARTAMENTO_ID_DEPARTAMENTO, NOMBRE, CODIGO) VALUES (58, 5, 'ESCUINTLA', 1);
INSERT INTO MUNICIPIO (ID_MUNICIPIO, DEPARTAMENTO_ID_DEPARTAMENTO, NOMBRE, CODIGO) VALUES (59, 5, 'SANTA LUCIA COTZUMALGUAPA', 2);
INSERT INTO MUNICIPIO (ID_MUNICIPIO, DEPARTAMENTO_ID_DEPARTAMENTO, NOMBRE, CODIGO) VALUES (60, 5, 'LA DEMOCRACIA', 3);
INSERT INTO MUNICIPIO (ID_MUNICIPIO, DEPARTAMENTO_ID_DEPARTAMENTO, NOMBRE, CODIGO) VALUES (61, 5, 'SIQUINALA', 4);
INSERT INTO MUNICIPIO (ID_MUNICIPIO, DEPARTAMENTO_ID_DEPARTAMENTO, NOMBRE, CODIGO) VALUES (62, 5, 'MASAGUA', 5);
INSERT INTO MUNICIPIO (ID_MUNICIPIO, DEPARTAMENTO_ID_DEPARTAMENTO, NOMBRE, CODIGO) VALUES (63, 5, 'TIQUISATE', 6);
INSERT INTO MUNICIPIO (ID_MUNICIPIO, DEPARTAMENTO_ID_DEPARTAMENTO, NOMBRE, CODIGO) VALUES (64, 5, 'LA GOMERA', 7);
INSERT INTO MUNICIPIO (ID_MUNICIPIO, DEPARTAMENTO_ID_DEPARTAMENTO, NOMBRE, CODIGO) VALUES (65, 5, 'GUANAGAZAPA', 8);
INSERT INTO MUNICIPIO (ID_MUNICIPIO, DEPARTAMENTO_ID_DEPARTAMENTO, NOMBRE, CODIGO) VALUES (66, 5, 'PUERTO SAN JOSE', 9);
INSERT INTO MUNICIPIO (ID_MUNICIPIO, DEPARTAMENTO_ID_DEPARTAMENTO, NOMBRE, CODIGO) VALUES (67, 5, 'IZTAPA', 10);
INSERT INTO MUNICIPIO (ID_MUNICIPIO, DEPARTAMENTO_ID_DEPARTAMENTO, NOMBRE, CODIGO) VALUES (68, 5, 'PALIN', 11);
INSERT INTO MUNICIPIO (ID_MUNICIPIO, DEPARTAMENTO_ID_DEPARTAMENTO, NOMBRE, CODIGO) VALUES (69, 5, 'SAN VICENTE PACAYA', 12);
INSERT INTO MUNICIPIO (ID_MUNICIPIO, DEPARTAMENTO_ID_DEPARTAMENTO, NOMBRE, CODIGO) VALUES (70, 5, 'NUEVA CONCEPCION', 13);
INSERT INTO MUNICIPIO (ID_MUNICIPIO, DEPARTAMENTO_ID_DEPARTAMENTO, NOMBRE, CODIGO) VALUES (71, 6, 'CUILAPA', 1);
INSERT INTO MUNICIPIO (ID_MUNICIPIO, DEPARTAMENTO_ID_DEPARTAMENTO, NOMBRE, CODIGO) VALUES (72, 6, 'BARBERENA', 2);
INSERT INTO MUNICIPIO (ID_MUNICIPIO, DEPARTAMENTO_ID_DEPARTAMENTO, NOMBRE, CODIGO) VALUES (73, 6, 'SANTA ROSA DE LIMA', 3);
INSERT INTO MUNICIPIO (ID_MUNICIPIO, DEPARTAMENTO_ID_DEPARTAMENTO, NOMBRE, CODIGO) VALUES (74, 6, 'CASILLAS', 4);
INSERT INTO MUNICIPIO (ID_MUNICIPIO, DEPARTAMENTO_ID_DEPARTAMENTO, NOMBRE, CODIGO) VALUES (75, 6, 'SAN RAFAEL LAS FLORES', 5);
INSERT INTO MUNICIPIO (ID_MUNICIPIO, DEPARTAMENTO_ID_DEPARTAMENTO, NOMBRE, CODIGO) VALUES (76, 6, 'ORATORIO', 6);
INSERT INTO MUNICIPIO (ID_MUNICIPIO, DEPARTAMENTO_ID_DEPARTAMENTO, NOMBRE, CODIGO) VALUES (77, 6, 'SAN JUAN TECUACO', 7);
INSERT INTO MUNICIPIO (ID_MUNICIPIO, DEPARTAMENTO_ID_DEPARTAMENTO, NOMBRE, CODIGO) VALUES (78, 6, 'CHIQUIMULILLA', 8);
INSERT INTO MUNICIPIO (ID_MUNICIPIO, DEPARTAMENTO_ID_DEPARTAMENTO, NOMBRE, CODIGO) VALUES (79, 6, 'TAXISCO', 9);
INSERT INTO MUNICIPIO (ID_MUNICIPIO, DEPARTAMENTO_ID_DEPARTAMENTO, NOMBRE, CODIGO) VALUES (80, 6, 'SANTA MARIA IXHUATAN', 10);
INSERT INTO MUNICIPIO (ID_MUNICIPIO, DEPARTAMENTO_ID_DEPARTAMENTO, NOMBRE, CODIGO) VALUES (81, 6, 'GUAZACAPAN', 11);
INSERT INTO MUNICIPIO (ID_MUNICIPIO, DEPARTAMENTO_ID_DEPARTAMENTO, NOMBRE, CODIGO) VALUES (82, 6, 'SANTA CRUZ NARANJO', 12);
INSERT INTO MUNICIPIO (ID_MUNICIPIO, DEPARTAMENTO_ID_DEPARTAMENTO, NOMBRE, CODIGO) VALUES (83, 6, 'PUEBLO NUEVO VIÑAS', 13);
INSERT INTO MUNICIPIO (ID_MUNICIPIO, DEPARTAMENTO_ID_DEPARTAMENTO, NOMBRE, CODIGO) VALUES (84, 6, 'NUEVA SANTA ROSA', 14);
INSERT INTO MUNICIPIO (ID_MUNICIPIO, DEPARTAMENTO_ID_DEPARTAMENTO, NOMBRE, CODIGO) VALUES (85, 7, 'SOLOLA', 1);
INSERT INTO MUNICIPIO (ID_MUNICIPIO, DEPARTAMENTO_ID_DEPARTAMENTO, NOMBRE, CODIGO) VALUES (86, 7, 'SAN JOSE CHACAYA', 2);
INSERT INTO MUNICIPIO (ID_MUNICIPIO, DEPARTAMENTO_ID_DEPARTAMENTO, NOMBRE, CODIGO) VALUES (87, 7, 'SANTA MARIA VISITACION', 3);
INSERT INTO MUNICIPIO (ID_MUNICIPIO, DEPARTAMENTO_ID_DEPARTAMENTO, NOMBRE, CODIGO) VALUES (88, 7, 'SANTA LUCIA UTATLAN', 4);
INSERT INTO MUNICIPIO (ID_MUNICIPIO, DEPARTAMENTO_ID_DEPARTAMENTO, NOMBRE, CODIGO) VALUES (89, 7, 'NAHUALA', 5);
INSERT INTO MUNICIPIO (ID_MUNICIPIO, DEPARTAMENTO_ID_DEPARTAMENTO, NOMBRE, CODIGO) VALUES (90, 7, 'SANTA CATARINA IXTAHUACAN', 6);
INSERT INTO MUNICIPIO (ID_MUNICIPIO, DEPARTAMENTO_ID_DEPARTAMENTO, NOMBRE, CODIGO) VALUES (91, 7, 'SANTA CLARA LA LAGUNA', 7);
INSERT INTO MUNICIPIO (ID_MUNICIPIO, DEPARTAMENTO_ID_DEPARTAMENTO, NOMBRE, CODIGO) VALUES (92, 7, 'CONCEPCION', 8);
INSERT INTO MUNICIPIO (ID_MUNICIPIO, DEPARTAMENTO_ID_DEPARTAMENTO, NOMBRE, CODIGO) VALUES (93, 7, 'SAN ANDRES SEMETABAJ', 9);
INSERT INTO MUNICIPIO (ID_MUNICIPIO, DEPARTAMENTO_ID_DEPARTAMENTO, NOMBRE, CODIGO) VALUES (94, 7, 'PANAJACHEL', 10);
INSERT INTO MUNICIPIO (ID_MUNICIPIO, DEPARTAMENTO_ID_DEPARTAMENTO, NOMBRE, CODIGO) VALUES (95, 7, 'SANTA CATARINA PALOPO', 11);
INSERT INTO MUNICIPIO (ID_MUNICIPIO, DEPARTAMENTO_ID_DEPARTAMENTO, NOMBRE, CODIGO) VALUES (96, 7, 'SAN ANTONIO PALOPO', 12);
INSERT INTO MUNICIPIO (ID_MUNICIPIO, DEPARTAMENTO_ID_DEPARTAMENTO, NOMBRE, CODIGO) VALUES (97, 7, 'SAN LUCAS TOLIMAN', 13);
INSERT INTO MUNICIPIO (ID_MUNICIPIO, DEPARTAMENTO_ID_DEPARTAMENTO, NOMBRE, CODIGO) VALUES (98, 7, 'SANTA CRUZ LA LAGUNA', 14);
INSERT INTO MUNICIPIO (ID_MUNICIPIO, DEPARTAMENTO_ID_DEPARTAMENTO, NOMBRE, CODIGO) VALUES (99, 7, 'SAN PABLO LA LAGUNA', 15);
INSERT INTO MUNICIPIO (ID_MUNICIPIO, DEPARTAMENTO_ID_DEPARTAMENTO, NOMBRE, CODIGO) VALUES (100, 7, 'SAN MARCOS LA LAGUNA', 16);
INSERT INTO MUNICIPIO (ID_MUNICIPIO, DEPARTAMENTO_ID_DEPARTAMENTO, NOMBRE, CODIGO) VALUES (101, 7, 'SAN JUAN LA LAGUNA', 17);
INSERT INTO MUNICIPIO (ID_MUNICIPIO, DEPARTAMENTO_ID_DEPARTAMENTO, NOMBRE, CODIGO) VALUES (102, 7, 'SAN PEDRO LA LAGUNA', 18);
INSERT INTO MUNICIPIO (ID_MUNICIPIO, DEPARTAMENTO_ID_DEPARTAMENTO, NOMBRE, CODIGO) VALUES (103, 7, 'SANTIAGO ATITLAN', 19);
INSERT INTO MUNICIPIO (ID_MUNICIPIO, DEPARTAMENTO_ID_DEPARTAMENTO, NOMBRE, CODIGO) VALUES (104, 8, 'TOTONICAPAN', 1);
INSERT INTO MUNICIPIO (ID_MUNICIPIO, DEPARTAMENTO_ID_DEPARTAMENTO, NOMBRE, CODIGO) VALUES (105, 8, 'SAN CRISTOBAL TOTONICAPAN', 2);
INSERT INTO MUNICIPIO (ID_MUNICIPIO, DEPARTAMENTO_ID_DEPARTAMENTO, NOMBRE, CODIGO) VALUES (106, 8, 'SAN FRANCISCO EL ALTO', 3);
INSERT INTO MUNICIPIO (ID_MUNICIPIO, DEPARTAMENTO_ID_DEPARTAMENTO, NOMBRE, CODIGO) VALUES (107, 8, 'SAN ANDRES XECUL', 4);
INSERT INTO MUNICIPIO (ID_MUNICIPIO, DEPARTAMENTO_ID_DEPARTAMENTO, NOMBRE, CODIGO) VALUES (108, 8, 'MOMOSTENANGO', 5);
INSERT INTO MUNICIPIO (ID_MUNICIPIO, DEPARTAMENTO_ID_DEPARTAMENTO, NOMBRE, CODIGO) VALUES (109, 8, 'SANTA MARIA CHIQUIMULA', 6);
INSERT INTO MUNICIPIO (ID_MUNICIPIO, DEPARTAMENTO_ID_DEPARTAMENTO, NOMBRE, CODIGO) VALUES (110, 8, 'SANTA LUCIA LA REFORMA', 7);
INSERT INTO MUNICIPIO (ID_MUNICIPIO, DEPARTAMENTO_ID_DEPARTAMENTO, NOMBRE, CODIGO) VALUES (111, 8, 'SAN BARTOLO', 8);
INSERT INTO MUNICIPIO (ID_MUNICIPIO, DEPARTAMENTO_ID_DEPARTAMENTO, NOMBRE, CODIGO) VALUES (112, 9, 'QUETZALTENANGO', 1);
INSERT INTO MUNICIPIO (ID_MUNICIPIO, DEPARTAMENTO_ID_DEPARTAMENTO, NOMBRE, CODIGO) VALUES (113, 9, 'SALCAJA', 2);
INSERT INTO MUNICIPIO (ID_MUNICIPIO, DEPARTAMENTO_ID_DEPARTAMENTO, NOMBRE, CODIGO) VALUES (114, 9, 'OLINTEPEQUE', 3);
INSERT INTO MUNICIPIO (ID_MUNICIPIO, DEPARTAMENTO_ID_DEPARTAMENTO, NOMBRE, CODIGO) VALUES (115, 9, 'SAN CARLOS SIJA', 4);
INSERT INTO MUNICIPIO (ID_MUNICIPIO, DEPARTAMENTO_ID_DEPARTAMENTO, NOMBRE, CODIGO) VALUES (116, 9, 'SIBILIA', 5);
INSERT INTO MUNICIPIO (ID_MUNICIPIO, DEPARTAMENTO_ID_DEPARTAMENTO, NOMBRE, CODIGO) VALUES (117, 9, 'CABRICAN', 6);
INSERT INTO MUNICIPIO (ID_MUNICIPIO, DEPARTAMENTO_ID_DEPARTAMENTO, NOMBRE, CODIGO) VALUES (118, 9, 'CAJOLÁ', 7);
INSERT INTO MUNICIPIO (ID_MUNICIPIO, DEPARTAMENTO_ID_DEPARTAMENTO, NOMBRE, CODIGO) VALUES (119, 9, 'SAN MIGUEL SIG', 8);
INSERT INTO MUNICIPIO (ID_MUNICIPIO, DEPARTAMENTO_ID_DEPARTAMENTO, NOMBRE, CODIGO) VALUES (120, 9, 'SAN JUAN OSTUNCALCO', 9);
INSERT INTO MUNICIPIO (ID_MUNICIPIO, DEPARTAMENTO_ID_DEPARTAMENTO, NOMBRE, CODIGO) VALUES (121, 9, 'SAN MATEO', 10);
INSERT INTO MUNICIPIO (ID_MUNICIPIO, DEPARTAMENTO_ID_DEPARTAMENTO, NOMBRE, CODIGO) VALUES (122, 9, 'CONCEPCION CHIQUIRICHAPA', 11);
INSERT INTO MUNICIPIO (ID_MUNICIPIO, DEPARTAMENTO_ID_DEPARTAMENTO, NOMBRE, CODIGO) VALUES (123, 9, 'SAN MARTIN SACATEPEQUEZ', 12);
INSERT INTO MUNICIPIO (ID_MUNICIPIO, DEPARTAMENTO_ID_DEPARTAMENTO, NOMBRE, CODIGO) VALUES (124, 9, 'ALMOLONGA', 13);
INSERT INTO MUNICIPIO (ID_MUNICIPIO, DEPARTAMENTO_ID_DEPARTAMENTO, NOMBRE, CODIGO) VALUES (125, 9, 'CANTEL', 14);
INSERT INTO MUNICIPIO (ID_MUNICIPIO, DEPARTAMENTO_ID_DEPARTAMENTO, NOMBRE, CODIGO) VALUES (126, 9, 'HUITAN', 15);
INSERT INTO MUNICIPIO (ID_MUNICIPIO, DEPARTAMENTO_ID_DEPARTAMENTO, NOMBRE, CODIGO) VALUES (127, 9, 'ZUNIL', 16);
INSERT INTO MUNICIPIO (ID_MUNICIPIO, DEPARTAMENTO_ID_DEPARTAMENTO, NOMBRE, CODIGO) VALUES (128, 9, 'COLOMBA', 17);
INSERT INTO MUNICIPIO (ID_MUNICIPIO, DEPARTAMENTO_ID_DEPARTAMENTO, NOMBRE, CODIGO) VALUES (129, 9, 'SAN FRANCISCO LA UNION', 18);
INSERT INTO MUNICIPIO (ID_MUNICIPIO, DEPARTAMENTO_ID_DEPARTAMENTO, NOMBRE, CODIGO) VALUES (130, 9, 'EL PALMAR', 19);
INSERT INTO MUNICIPIO (ID_MUNICIPIO, DEPARTAMENTO_ID_DEPARTAMENTO, NOMBRE, CODIGO) VALUES (131, 9, 'COATEPEQUE', 20);
INSERT INTO MUNICIPIO (ID_MUNICIPIO, DEPARTAMENTO_ID_DEPARTAMENTO, NOMBRE, CODIGO) VALUES (132, 9, 'GENOVA', 21);
INSERT INTO MUNICIPIO (ID_MUNICIPIO, DEPARTAMENTO_ID_DEPARTAMENTO, NOMBRE, CODIGO) VALUES (133, 9, 'FLORES COSTA CUCA', 22);
INSERT INTO MUNICIPIO (ID_MUNICIPIO, DEPARTAMENTO_ID_DEPARTAMENTO, NOMBRE, CODIGO) VALUES (134, 9, 'LA ESPERANZA', 23);
INSERT INTO MUNICIPIO (ID_MUNICIPIO, DEPARTAMENTO_ID_DEPARTAMENTO, NOMBRE, CODIGO) VALUES (135, 9, 'PALESTINA DE LOS ALTOS', 24);
INSERT INTO MUNICIPIO (ID_MUNICIPIO, DEPARTAMENTO_ID_DEPARTAMENTO, NOMBRE, CODIGO) VALUES (136, 9, 'GENOVA COSTA CUCA', 27);
INSERT INTO MUNICIPIO (ID_MUNICIPIO, DEPARTAMENTO_ID_DEPARTAMENTO, NOMBRE, CODIGO) VALUES (137, 9, 'COLOMBA COSTA CUCA ', 28);
INSERT INTO MUNICIPIO (ID_MUNICIPIO, DEPARTAMENTO_ID_DEPARTAMENTO, NOMBRE, CODIGO) VALUES (138, 9, 'MONROVIA ', 29);
INSERT INTO MUNICIPIO (ID_MUNICIPIO, DEPARTAMENTO_ID_DEPARTAMENTO, NOMBRE, CODIGO) VALUES (139, 9, 'OSTUNCALCO ', 30);
INSERT INTO MUNICIPIO (ID_MUNICIPIO, DEPARTAMENTO_ID_DEPARTAMENTO, NOMBRE, CODIGO) VALUES (140, 9, 'SAN JUAN OLINTEPEQUE', 31);
INSERT INTO MUNICIPIO (ID_MUNICIPIO, DEPARTAMENTO_ID_DEPARTAMENTO, NOMBRE, CODIGO) VALUES (141, 10, 'MAZATENANGO', 1);
INSERT INTO MUNICIPIO (ID_MUNICIPIO, DEPARTAMENTO_ID_DEPARTAMENTO, NOMBRE, CODIGO) VALUES (142, 10, 'CUYOTENANGO', 2);
INSERT INTO MUNICIPIO (ID_MUNICIPIO, DEPARTAMENTO_ID_DEPARTAMENTO, NOMBRE, CODIGO) VALUES (143, 10, 'SAN FRANCISCO ZAPOTITLAN', 3);
INSERT INTO MUNICIPIO (ID_MUNICIPIO, DEPARTAMENTO_ID_DEPARTAMENTO, NOMBRE, CODIGO) VALUES (144, 10, 'SAN BERNARDINO', 4);
INSERT INTO MUNICIPIO (ID_MUNICIPIO, DEPARTAMENTO_ID_DEPARTAMENTO, NOMBRE, CODIGO) VALUES (145, 10, 'SAN JOSE EL IDOLO', 5);
INSERT INTO MUNICIPIO (ID_MUNICIPIO, DEPARTAMENTO_ID_DEPARTAMENTO, NOMBRE, CODIGO) VALUES (146, 10, 'SANTO DOMINGO SUCHITEPEQUEZ', 6);
INSERT INTO MUNICIPIO (ID_MUNICIPIO, DEPARTAMENTO_ID_DEPARTAMENTO, NOMBRE, CODIGO) VALUES (147, 10, 'SAN LORENZO', 7);
INSERT INTO MUNICIPIO (ID_MUNICIPIO, DEPARTAMENTO_ID_DEPARTAMENTO, NOMBRE, CODIGO) VALUES (148, 10, 'SAMAYAC', 8);
INSERT INTO MUNICIPIO (ID_MUNICIPIO, DEPARTAMENTO_ID_DEPARTAMENTO, NOMBRE, CODIGO) VALUES (149, 10, 'SAN PABLO JOCOPILAS', 9);
INSERT INTO MUNICIPIO (ID_MUNICIPIO, DEPARTAMENTO_ID_DEPARTAMENTO, NOMBRE, CODIGO) VALUES (150, 10, 'SAN ANTONIO SUCHITEPEQUEZ', 10);
INSERT INTO MUNICIPIO (ID_MUNICIPIO, DEPARTAMENTO_ID_DEPARTAMENTO, NOMBRE, CODIGO) VALUES (151, 10, 'SAN MIGUEL PANAN', 11);
INSERT INTO MUNICIPIO (ID_MUNICIPIO, DEPARTAMENTO_ID_DEPARTAMENTO, NOMBRE, CODIGO) VALUES (152, 10, 'SAN GABRIEL', 12);
INSERT INTO MUNICIPIO (ID_MUNICIPIO, DEPARTAMENTO_ID_DEPARTAMENTO, NOMBRE, CODIGO) VALUES (153, 10, 'CHICACAO', 13);
INSERT INTO MUNICIPIO (ID_MUNICIPIO, DEPARTAMENTO_ID_DEPARTAMENTO, NOMBRE, CODIGO) VALUES (154, 10, 'PATULUL', 14);
INSERT INTO MUNICIPIO (ID_MUNICIPIO, DEPARTAMENTO_ID_DEPARTAMENTO, NOMBRE, CODIGO) VALUES (155, 10, 'SANTA BARBARA', 15);
INSERT INTO MUNICIPIO (ID_MUNICIPIO, DEPARTAMENTO_ID_DEPARTAMENTO, NOMBRE, CODIGO) VALUES (156, 10, 'SAN JUAN BAUTISTA', 16);
INSERT INTO MUNICIPIO (ID_MUNICIPIO, DEPARTAMENTO_ID_DEPARTAMENTO, NOMBRE, CODIGO) VALUES (157, 10, 'SANTO TOMAS LA UNION', 17);
INSERT INTO MUNICIPIO (ID_MUNICIPIO, DEPARTAMENTO_ID_DEPARTAMENTO, NOMBRE, CODIGO) VALUES (158, 10, 'ZUNILITO', 18);
INSERT INTO MUNICIPIO (ID_MUNICIPIO, DEPARTAMENTO_ID_DEPARTAMENTO, NOMBRE, CODIGO) VALUES (159, 10, 'PUEBLO NUEVO', 19);
INSERT INTO MUNICIPIO (ID_MUNICIPIO, DEPARTAMENTO_ID_DEPARTAMENTO, NOMBRE, CODIGO) VALUES (160, 10, 'RIO BRAVO', 20);
INSERT INTO MUNICIPIO (ID_MUNICIPIO, DEPARTAMENTO_ID_DEPARTAMENTO, NOMBRE, CODIGO) VALUES (161, 11, 'RETALHULEU', 1);
INSERT INTO MUNICIPIO (ID_MUNICIPIO, DEPARTAMENTO_ID_DEPARTAMENTO, NOMBRE, CODIGO) VALUES (162, 11, 'SAN SEBASTIAN', 2);
INSERT INTO MUNICIPIO (ID_MUNICIPIO, DEPARTAMENTO_ID_DEPARTAMENTO, NOMBRE, CODIGO) VALUES (163, 11, 'SANTA CRUZ MULUA', 3);
INSERT INTO MUNICIPIO (ID_MUNICIPIO, DEPARTAMENTO_ID_DEPARTAMENTO, NOMBRE, CODIGO) VALUES (164, 11, 'SAN MARTIN ZAPOTITLAN', 4);
INSERT INTO MUNICIPIO (ID_MUNICIPIO, DEPARTAMENTO_ID_DEPARTAMENTO, NOMBRE, CODIGO) VALUES (165, 11, 'SAN FELIPE RETALHULEU', 5);
INSERT INTO MUNICIPIO (ID_MUNICIPIO, DEPARTAMENTO_ID_DEPARTAMENTO, NOMBRE, CODIGO) VALUES (166, 11, 'SAN ANDRES VILLA SECA', 6);
INSERT INTO MUNICIPIO (ID_MUNICIPIO, DEPARTAMENTO_ID_DEPARTAMENTO, NOMBRE, CODIGO) VALUES (167, 11, 'CHAMPERICO', 7);
INSERT INTO MUNICIPIO (ID_MUNICIPIO, DEPARTAMENTO_ID_DEPARTAMENTO, NOMBRE, CODIGO) VALUES (168, 11, 'NUEVO SAN CARLOS', 8);
INSERT INTO MUNICIPIO (ID_MUNICIPIO, DEPARTAMENTO_ID_DEPARTAMENTO, NOMBRE, CODIGO) VALUES (169, 11, 'EL ASINTAL', 9);
INSERT INTO MUNICIPIO (ID_MUNICIPIO, DEPARTAMENTO_ID_DEPARTAMENTO, NOMBRE, CODIGO) VALUES (170, 12, 'SAN MARCOS', 1);
INSERT INTO MUNICIPIO (ID_MUNICIPIO, DEPARTAMENTO_ID_DEPARTAMENTO, NOMBRE, CODIGO) VALUES (171, 12, 'SAN PEDRO SACATEPEQUEZ', 2);
INSERT INTO MUNICIPIO (ID_MUNICIPIO, DEPARTAMENTO_ID_DEPARTAMENTO, NOMBRE, CODIGO) VALUES (172, 12, 'SAN ANTONIO SACATEPEQUEZ', 3);
INSERT INTO MUNICIPIO (ID_MUNICIPIO, DEPARTAMENTO_ID_DEPARTAMENTO, NOMBRE, CODIGO) VALUES (173, 12, 'COMITANCILLO', 4);
INSERT INTO MUNICIPIO (ID_MUNICIPIO, DEPARTAMENTO_ID_DEPARTAMENTO, NOMBRE, CODIGO) VALUES (174, 12, 'SAN MIGUEL IXTAHUACAN', 5);
INSERT INTO MUNICIPIO (ID_MUNICIPIO, DEPARTAMENTO_ID_DEPARTAMENTO, NOMBRE, CODIGO) VALUES (175, 12, 'CONCEPCION TUTUAPA', 6);
INSERT INTO MUNICIPIO (ID_MUNICIPIO, DEPARTAMENTO_ID_DEPARTAMENTO, NOMBRE, CODIGO) VALUES (176, 12, 'TACANA', 7);
INSERT INTO MUNICIPIO (ID_MUNICIPIO, DEPARTAMENTO_ID_DEPARTAMENTO, NOMBRE, CODIGO) VALUES (177, 12, 'SIBINAL', 8);
INSERT INTO MUNICIPIO (ID_MUNICIPIO, DEPARTAMENTO_ID_DEPARTAMENTO, NOMBRE, CODIGO) VALUES (178, 12, 'TAJUMULCO', 9);
INSERT INTO MUNICIPIO (ID_MUNICIPIO, DEPARTAMENTO_ID_DEPARTAMENTO, NOMBRE, CODIGO) VALUES (179, 12, 'TEJUTLA', 10);
INSERT INTO MUNICIPIO (ID_MUNICIPIO, DEPARTAMENTO_ID_DEPARTAMENTO, NOMBRE, CODIGO) VALUES (180, 12, 'SAN RAFAEL PIE DE LA CUESTA', 11);
INSERT INTO MUNICIPIO (ID_MUNICIPIO, DEPARTAMENTO_ID_DEPARTAMENTO, NOMBRE, CODIGO) VALUES (181, 12, 'NUEVO PROGRESO', 12);
INSERT INTO MUNICIPIO (ID_MUNICIPIO, DEPARTAMENTO_ID_DEPARTAMENTO, NOMBRE, CODIGO) VALUES (182, 12, 'EL TUMBADOR', 13);
INSERT INTO MUNICIPIO (ID_MUNICIPIO, DEPARTAMENTO_ID_DEPARTAMENTO, NOMBRE, CODIGO) VALUES (183, 12, 'SAN JOSE EL RODEO', 14);
INSERT INTO MUNICIPIO (ID_MUNICIPIO, DEPARTAMENTO_ID_DEPARTAMENTO, NOMBRE, CODIGO) VALUES (184, 12, 'MALACATAN', 15);
INSERT INTO MUNICIPIO (ID_MUNICIPIO, DEPARTAMENTO_ID_DEPARTAMENTO, NOMBRE, CODIGO) VALUES (185, 12, 'CATARINA', 16);
INSERT INTO MUNICIPIO (ID_MUNICIPIO, DEPARTAMENTO_ID_DEPARTAMENTO, NOMBRE, CODIGO) VALUES (186, 12, 'AYUTLA', 17);
INSERT INTO MUNICIPIO (ID_MUNICIPIO, DEPARTAMENTO_ID_DEPARTAMENTO, NOMBRE, CODIGO) VALUES (187, 12, 'OCOS', 18);
INSERT INTO MUNICIPIO (ID_MUNICIPIO, DEPARTAMENTO_ID_DEPARTAMENTO, NOMBRE, CODIGO) VALUES (188, 12, 'SAN PABLO', 19);
INSERT INTO MUNICIPIO (ID_MUNICIPIO, DEPARTAMENTO_ID_DEPARTAMENTO, NOMBRE, CODIGO) VALUES (189, 12, 'EL QUETZAL', 20);
INSERT INTO MUNICIPIO (ID_MUNICIPIO, DEPARTAMENTO_ID_DEPARTAMENTO, NOMBRE, CODIGO) VALUES (190, 12, 'LA REFORMA', 21);
INSERT INTO MUNICIPIO (ID_MUNICIPIO, DEPARTAMENTO_ID_DEPARTAMENTO, NOMBRE, CODIGO) VALUES (191, 12, 'PAJAPITA', 22);
INSERT INTO MUNICIPIO (ID_MUNICIPIO, DEPARTAMENTO_ID_DEPARTAMENTO, NOMBRE, CODIGO) VALUES (192, 12, 'IXCHIGUAN', 23);
INSERT INTO MUNICIPIO (ID_MUNICIPIO, DEPARTAMENTO_ID_DEPARTAMENTO, NOMBRE, CODIGO) VALUES (193, 12, 'SAN JOSE OJETENAM', 24);
INSERT INTO MUNICIPIO (ID_MUNICIPIO, DEPARTAMENTO_ID_DEPARTAMENTO, NOMBRE, CODIGO) VALUES (194, 12, 'SAN CRISTOBAL CUCHO', 25);
INSERT INTO MUNICIPIO (ID_MUNICIPIO, DEPARTAMENTO_ID_DEPARTAMENTO, NOMBRE, CODIGO) VALUES (195, 12, 'SIPACAPA', 26);
INSERT INTO MUNICIPIO (ID_MUNICIPIO, DEPARTAMENTO_ID_DEPARTAMENTO, NOMBRE, CODIGO) VALUES (196, 12, 'ESQUIPULAS PALO GORDO', 27);
INSERT INTO MUNICIPIO (ID_MUNICIPIO, DEPARTAMENTO_ID_DEPARTAMENTO, NOMBRE, CODIGO) VALUES (197, 12, 'RIO BLANCO', 28);
INSERT INTO MUNICIPIO (ID_MUNICIPIO, DEPARTAMENTO_ID_DEPARTAMENTO, NOMBRE, CODIGO) VALUES (198, 12, 'SAN LORENZO', 29);
INSERT INTO MUNICIPIO (ID_MUNICIPIO, DEPARTAMENTO_ID_DEPARTAMENTO, NOMBRE, CODIGO) VALUES (199, 13, 'HUEHUETENANGO', 1);
INSERT INTO MUNICIPIO (ID_MUNICIPIO, DEPARTAMENTO_ID_DEPARTAMENTO, NOMBRE, CODIGO) VALUES (200, 13, 'CHIANTLA', 2);
INSERT INTO MUNICIPIO (ID_MUNICIPIO, DEPARTAMENTO_ID_DEPARTAMENTO, NOMBRE, CODIGO) VALUES (201, 13, 'MALACATANCITO', 3);
INSERT INTO MUNICIPIO (ID_MUNICIPIO, DEPARTAMENTO_ID_DEPARTAMENTO, NOMBRE, CODIGO) VALUES (202, 13, 'CUILCO', 4);
INSERT INTO MUNICIPIO (ID_MUNICIPIO, DEPARTAMENTO_ID_DEPARTAMENTO, NOMBRE, CODIGO) VALUES (203, 13, 'NENTON', 5);
INSERT INTO MUNICIPIO (ID_MUNICIPIO, DEPARTAMENTO_ID_DEPARTAMENTO, NOMBRE, CODIGO) VALUES (204, 13, 'SAN PEDRO NECTA', 6);
INSERT INTO MUNICIPIO (ID_MUNICIPIO, DEPARTAMENTO_ID_DEPARTAMENTO, NOMBRE, CODIGO) VALUES (205, 13, 'JACALTENANGO', 7);
INSERT INTO MUNICIPIO (ID_MUNICIPIO, DEPARTAMENTO_ID_DEPARTAMENTO, NOMBRE, CODIGO) VALUES (206, 13, 'SAN PEDRO SOLOMA', 8);
INSERT INTO MUNICIPIO (ID_MUNICIPIO, DEPARTAMENTO_ID_DEPARTAMENTO, NOMBRE, CODIGO) VALUES (207, 13, 'SAN ILDEFONSO IXTAHUACAN', 9);
INSERT INTO MUNICIPIO (ID_MUNICIPIO, DEPARTAMENTO_ID_DEPARTAMENTO, NOMBRE, CODIGO) VALUES (208, 13, 'SANTA BARBARA', 10);
INSERT INTO MUNICIPIO (ID_MUNICIPIO, DEPARTAMENTO_ID_DEPARTAMENTO, NOMBRE, CODIGO) VALUES (209, 13, 'LA LIBERTAD', 11);
INSERT INTO MUNICIPIO (ID_MUNICIPIO, DEPARTAMENTO_ID_DEPARTAMENTO, NOMBRE, CODIGO) VALUES (210, 13, 'LA DEMOCRACIA', 12);
INSERT INTO MUNICIPIO (ID_MUNICIPIO, DEPARTAMENTO_ID_DEPARTAMENTO, NOMBRE, CODIGO) VALUES (211, 13, 'SAN MIGUEL ACATAN', 13);
INSERT INTO MUNICIPIO (ID_MUNICIPIO, DEPARTAMENTO_ID_DEPARTAMENTO, NOMBRE, CODIGO) VALUES (212, 13, 'SAN RAFAEL LA INDEPENDENCIA', 14);
INSERT INTO MUNICIPIO (ID_MUNICIPIO, DEPARTAMENTO_ID_DEPARTAMENTO, NOMBRE, CODIGO) VALUES (213, 13, 'TODOS SANTOS CUCHUMATAN', 15);
INSERT INTO MUNICIPIO (ID_MUNICIPIO, DEPARTAMENTO_ID_DEPARTAMENTO, NOMBRE, CODIGO) VALUES (214, 13, 'SAN JUAN ATITAN', 16);
INSERT INTO MUNICIPIO (ID_MUNICIPIO, DEPARTAMENTO_ID_DEPARTAMENTO, NOMBRE, CODIGO) VALUES (215, 13, 'SANTA EULALIA', 17);
INSERT INTO MUNICIPIO (ID_MUNICIPIO, DEPARTAMENTO_ID_DEPARTAMENTO, NOMBRE, CODIGO) VALUES (216, 13, 'SAN MATEO IXTATAN', 18);
INSERT INTO MUNICIPIO (ID_MUNICIPIO, DEPARTAMENTO_ID_DEPARTAMENTO, NOMBRE, CODIGO) VALUES (217, 13, 'COLOTENANGO', 19);
INSERT INTO MUNICIPIO (ID_MUNICIPIO, DEPARTAMENTO_ID_DEPARTAMENTO, NOMBRE, CODIGO) VALUES (218, 13, 'SAN SEBASTIAN HUEHUETENANGO', 20);
INSERT INTO MUNICIPIO (ID_MUNICIPIO, DEPARTAMENTO_ID_DEPARTAMENTO, NOMBRE, CODIGO) VALUES (219, 13, 'TECTITAN', 21);
INSERT INTO MUNICIPIO (ID_MUNICIPIO, DEPARTAMENTO_ID_DEPARTAMENTO, NOMBRE, CODIGO) VALUES (220, 13, 'CONCEPCION HUISTA', 22);
INSERT INTO MUNICIPIO (ID_MUNICIPIO, DEPARTAMENTO_ID_DEPARTAMENTO, NOMBRE, CODIGO) VALUES (221, 13, 'SAN JUAN IXCOY', 23);
INSERT INTO MUNICIPIO (ID_MUNICIPIO, DEPARTAMENTO_ID_DEPARTAMENTO, NOMBRE, CODIGO) VALUES (222, 13, 'SAN ANTONIO HUISTA', 24);
INSERT INTO MUNICIPIO (ID_MUNICIPIO, DEPARTAMENTO_ID_DEPARTAMENTO, NOMBRE, CODIGO) VALUES (223, 13, 'SAN SEBASTIAN COATAN', 25);
INSERT INTO MUNICIPIO (ID_MUNICIPIO, DEPARTAMENTO_ID_DEPARTAMENTO, NOMBRE, CODIGO) VALUES (224, 13, 'SANTA CRUZ BARILLAS', 26);
INSERT INTO MUNICIPIO (ID_MUNICIPIO, DEPARTAMENTO_ID_DEPARTAMENTO, NOMBRE, CODIGO) VALUES (225, 13, 'AGUACATAN', 27);
INSERT INTO MUNICIPIO (ID_MUNICIPIO, DEPARTAMENTO_ID_DEPARTAMENTO, NOMBRE, CODIGO) VALUES (226, 13, 'SAN RAFAEL PETZAL', 28);
INSERT INTO MUNICIPIO (ID_MUNICIPIO, DEPARTAMENTO_ID_DEPARTAMENTO, NOMBRE, CODIGO) VALUES (227, 13, 'SAN GASPAR IXCHIL', 29);
INSERT INTO MUNICIPIO (ID_MUNICIPIO, DEPARTAMENTO_ID_DEPARTAMENTO, NOMBRE, CODIGO) VALUES (228, 13, 'SANTIAGO CHIMALTENANGO', 30);
INSERT INTO MUNICIPIO (ID_MUNICIPIO, DEPARTAMENTO_ID_DEPARTAMENTO, NOMBRE, CODIGO) VALUES (229, 13, 'SANTA ANA HUISTA', 31);
INSERT INTO MUNICIPIO (ID_MUNICIPIO, DEPARTAMENTO_ID_DEPARTAMENTO, NOMBRE, CODIGO) VALUES (230, 13, 'UNION CANTINIL', 32);
INSERT INTO MUNICIPIO (ID_MUNICIPIO, DEPARTAMENTO_ID_DEPARTAMENTO, NOMBRE, CODIGO) VALUES (231, 14, 'SANTA CRUZ DEL QUICHE', 1);
INSERT INTO MUNICIPIO (ID_MUNICIPIO, DEPARTAMENTO_ID_DEPARTAMENTO, NOMBRE, CODIGO) VALUES (232, 14, 'CHICHE', 2);
INSERT INTO MUNICIPIO (ID_MUNICIPIO, DEPARTAMENTO_ID_DEPARTAMENTO, NOMBRE, CODIGO) VALUES (233, 14, 'CHINIQUE', 3);
INSERT INTO MUNICIPIO (ID_MUNICIPIO, DEPARTAMENTO_ID_DEPARTAMENTO, NOMBRE, CODIGO) VALUES (234, 14, 'ZACUALPA', 4);
INSERT INTO MUNICIPIO (ID_MUNICIPIO, DEPARTAMENTO_ID_DEPARTAMENTO, NOMBRE, CODIGO) VALUES (235, 14, 'CHAJUL', 5);
INSERT INTO MUNICIPIO (ID_MUNICIPIO, DEPARTAMENTO_ID_DEPARTAMENTO, NOMBRE, CODIGO) VALUES (236, 14, 'CHICHICASTENANGO', 6);
INSERT INTO MUNICIPIO (ID_MUNICIPIO, DEPARTAMENTO_ID_DEPARTAMENTO, NOMBRE, CODIGO) VALUES (237, 14, 'PATZITE', 7);
INSERT INTO MUNICIPIO (ID_MUNICIPIO, DEPARTAMENTO_ID_DEPARTAMENTO, NOMBRE, CODIGO) VALUES (238, 14, 'SAN ANTONIO ILOTENANGO', 8);
INSERT INTO MUNICIPIO (ID_MUNICIPIO, DEPARTAMENTO_ID_DEPARTAMENTO, NOMBRE, CODIGO) VALUES (239, 14, 'SAN PEDRO JOCOPILAS', 9);
INSERT INTO MUNICIPIO (ID_MUNICIPIO, DEPARTAMENTO_ID_DEPARTAMENTO, NOMBRE, CODIGO) VALUES (240, 14, 'CUNEN', 10);
INSERT INTO MUNICIPIO (ID_MUNICIPIO, DEPARTAMENTO_ID_DEPARTAMENTO, NOMBRE, CODIGO) VALUES (241, 14, 'SAN JUAN COTZAL', 11);
INSERT INTO MUNICIPIO (ID_MUNICIPIO, DEPARTAMENTO_ID_DEPARTAMENTO, NOMBRE, CODIGO) VALUES (242, 14, 'JOYABAJ', 12);
INSERT INTO MUNICIPIO (ID_MUNICIPIO, DEPARTAMENTO_ID_DEPARTAMENTO, NOMBRE, CODIGO) VALUES (243, 14, 'NEBAJ', 13);
INSERT INTO MUNICIPIO (ID_MUNICIPIO, DEPARTAMENTO_ID_DEPARTAMENTO, NOMBRE, CODIGO) VALUES (244, 14, 'SAN ANDRES SAJCABAJA', 14);
INSERT INTO MUNICIPIO (ID_MUNICIPIO, DEPARTAMENTO_ID_DEPARTAMENTO, NOMBRE, CODIGO) VALUES (245, 14, 'USPANTAN', 15);
INSERT INTO MUNICIPIO (ID_MUNICIPIO, DEPARTAMENTO_ID_DEPARTAMENTO, NOMBRE, CODIGO) VALUES (246, 14, 'SACAPULAS', 16);
INSERT INTO MUNICIPIO (ID_MUNICIPIO, DEPARTAMENTO_ID_DEPARTAMENTO, NOMBRE, CODIGO) VALUES (247, 14, 'SAN BARTOLOME JOCOTENANGO', 17);
INSERT INTO MUNICIPIO (ID_MUNICIPIO, DEPARTAMENTO_ID_DEPARTAMENTO, NOMBRE, CODIGO) VALUES (248, 14, 'CANILLA', 18);
INSERT INTO MUNICIPIO (ID_MUNICIPIO, DEPARTAMENTO_ID_DEPARTAMENTO, NOMBRE, CODIGO) VALUES (249, 14, 'CHICAMAN', 19);
INSERT INTO MUNICIPIO (ID_MUNICIPIO, DEPARTAMENTO_ID_DEPARTAMENTO, NOMBRE, CODIGO) VALUES (250, 14, 'IXCAN', 20);
INSERT INTO MUNICIPIO (ID_MUNICIPIO, DEPARTAMENTO_ID_DEPARTAMENTO, NOMBRE, CODIGO) VALUES (251, 14, 'PACHALUM', 21);
INSERT INTO MUNICIPIO (ID_MUNICIPIO, DEPARTAMENTO_ID_DEPARTAMENTO, NOMBRE, CODIGO) VALUES (252, 15, 'SALAMA', 1);
INSERT INTO MUNICIPIO (ID_MUNICIPIO, DEPARTAMENTO_ID_DEPARTAMENTO, NOMBRE, CODIGO) VALUES (253, 15, 'SAN MIGUEL CHICAJ', 2);
INSERT INTO MUNICIPIO (ID_MUNICIPIO, DEPARTAMENTO_ID_DEPARTAMENTO, NOMBRE, CODIGO) VALUES (254, 15, 'RABINAL', 3);
INSERT INTO MUNICIPIO (ID_MUNICIPIO, DEPARTAMENTO_ID_DEPARTAMENTO, NOMBRE, CODIGO) VALUES (255, 15, 'CUBULCO', 4);
INSERT INTO MUNICIPIO (ID_MUNICIPIO, DEPARTAMENTO_ID_DEPARTAMENTO, NOMBRE, CODIGO) VALUES (256, 15, 'GRANADOS', 5);
INSERT INTO MUNICIPIO (ID_MUNICIPIO, DEPARTAMENTO_ID_DEPARTAMENTO, NOMBRE, CODIGO) VALUES (257, 15, 'SANTA CRUZ EL CHOL', 6);
INSERT INTO MUNICIPIO (ID_MUNICIPIO, DEPARTAMENTO_ID_DEPARTAMENTO, NOMBRE, CODIGO) VALUES (258, 15, 'SAN JERONIMO', 7);
INSERT INTO MUNICIPIO (ID_MUNICIPIO, DEPARTAMENTO_ID_DEPARTAMENTO, NOMBRE, CODIGO) VALUES (259, 15, 'PURULHA', 8);
INSERT INTO MUNICIPIO (ID_MUNICIPIO, DEPARTAMENTO_ID_DEPARTAMENTO, NOMBRE, CODIGO) VALUES (260, 16, 'COBAN', 1);
INSERT INTO MUNICIPIO (ID_MUNICIPIO, DEPARTAMENTO_ID_DEPARTAMENTO, NOMBRE, CODIGO) VALUES (261, 16, 'SANTA CRUZ VERAPAZ', 2);
INSERT INTO MUNICIPIO (ID_MUNICIPIO, DEPARTAMENTO_ID_DEPARTAMENTO, NOMBRE, CODIGO) VALUES (262, 16, 'SAN CRISTOBAL VERAPAZ', 3);
INSERT INTO MUNICIPIO (ID_MUNICIPIO, DEPARTAMENTO_ID_DEPARTAMENTO, NOMBRE, CODIGO) VALUES (263, 16, 'TACTIC', 4);
INSERT INTO MUNICIPIO (ID_MUNICIPIO, DEPARTAMENTO_ID_DEPARTAMENTO, NOMBRE, CODIGO) VALUES (264, 16, 'TAMAHU', 5);
INSERT INTO MUNICIPIO (ID_MUNICIPIO, DEPARTAMENTO_ID_DEPARTAMENTO, NOMBRE, CODIGO) VALUES (265, 16, 'SAN MIGUEL TUCURU', 6);
INSERT INTO MUNICIPIO (ID_MUNICIPIO, DEPARTAMENTO_ID_DEPARTAMENTO, NOMBRE, CODIGO) VALUES (266, 16, 'PANZOS', 7);
INSERT INTO MUNICIPIO (ID_MUNICIPIO, DEPARTAMENTO_ID_DEPARTAMENTO, NOMBRE, CODIGO) VALUES (267, 16, 'SENAHU', 8);
INSERT INTO MUNICIPIO (ID_MUNICIPIO, DEPARTAMENTO_ID_DEPARTAMENTO, NOMBRE, CODIGO) VALUES (268, 16, 'SAN PEDRO CARCHA', 9);
INSERT INTO MUNICIPIO (ID_MUNICIPIO, DEPARTAMENTO_ID_DEPARTAMENTO, NOMBRE, CODIGO) VALUES (269, 16, 'SAN JUAN CHAMELCO', 10);
INSERT INTO MUNICIPIO (ID_MUNICIPIO, DEPARTAMENTO_ID_DEPARTAMENTO, NOMBRE, CODIGO) VALUES (270, 16, 'LANQUIN', 11);
INSERT INTO MUNICIPIO (ID_MUNICIPIO, DEPARTAMENTO_ID_DEPARTAMENTO, NOMBRE, CODIGO) VALUES (271, 16, 'SANTA MARIA CAHABON', 12);
INSERT INTO MUNICIPIO (ID_MUNICIPIO, DEPARTAMENTO_ID_DEPARTAMENTO, NOMBRE, CODIGO) VALUES (272, 16, 'CHISEC', 13);
INSERT INTO MUNICIPIO (ID_MUNICIPIO, DEPARTAMENTO_ID_DEPARTAMENTO, NOMBRE, CODIGO) VALUES (273, 16, 'CHAHAL', 14);
INSERT INTO MUNICIPIO (ID_MUNICIPIO, DEPARTAMENTO_ID_DEPARTAMENTO, NOMBRE, CODIGO) VALUES (274, 16, 'FRAY BARTOLOME DE LAS CASAS', 15);
INSERT INTO MUNICIPIO (ID_MUNICIPIO, DEPARTAMENTO_ID_DEPARTAMENTO, NOMBRE, CODIGO) VALUES (275, 16, 'SANTA CATALINA LA TINTA', 16);
INSERT INTO MUNICIPIO (ID_MUNICIPIO, DEPARTAMENTO_ID_DEPARTAMENTO, NOMBRE, CODIGO) VALUES (276, 16, 'RAXRUHA', 17);
INSERT INTO MUNICIPIO (ID_MUNICIPIO, DEPARTAMENTO_ID_DEPARTAMENTO, NOMBRE, CODIGO) VALUES (277, 17, 'FLORES', 1);
INSERT INTO MUNICIPIO (ID_MUNICIPIO, DEPARTAMENTO_ID_DEPARTAMENTO, NOMBRE, CODIGO) VALUES (278, 17, 'SAN JOSE', 2);
INSERT INTO MUNICIPIO (ID_MUNICIPIO, DEPARTAMENTO_ID_DEPARTAMENTO, NOMBRE, CODIGO) VALUES (279, 17, 'SAN BENITO', 3);
INSERT INTO MUNICIPIO (ID_MUNICIPIO, DEPARTAMENTO_ID_DEPARTAMENTO, NOMBRE, CODIGO) VALUES (280, 17, 'SAN ANDRES', 4);
INSERT INTO MUNICIPIO (ID_MUNICIPIO, DEPARTAMENTO_ID_DEPARTAMENTO, NOMBRE, CODIGO) VALUES (281, 17, 'LA LIBERTAD', 5);
INSERT INTO MUNICIPIO (ID_MUNICIPIO, DEPARTAMENTO_ID_DEPARTAMENTO, NOMBRE, CODIGO) VALUES (282, 17, 'SAN FRANCISCO', 6);
INSERT INTO MUNICIPIO (ID_MUNICIPIO, DEPARTAMENTO_ID_DEPARTAMENTO, NOMBRE, CODIGO) VALUES (283, 17, 'SANTA ANA', 7);
INSERT INTO MUNICIPIO (ID_MUNICIPIO, DEPARTAMENTO_ID_DEPARTAMENTO, NOMBRE, CODIGO) VALUES (284, 17, 'DOLORES', 8);
INSERT INTO MUNICIPIO (ID_MUNICIPIO, DEPARTAMENTO_ID_DEPARTAMENTO, NOMBRE, CODIGO) VALUES (285, 17, 'SAN LUIS', 9);
INSERT INTO MUNICIPIO (ID_MUNICIPIO, DEPARTAMENTO_ID_DEPARTAMENTO, NOMBRE, CODIGO) VALUES (286, 17, 'SAYAXCHE', 10);
INSERT INTO MUNICIPIO (ID_MUNICIPIO, DEPARTAMENTO_ID_DEPARTAMENTO, NOMBRE, CODIGO) VALUES (287, 17, 'MELCHOR DE MENCOS', 11);
INSERT INTO MUNICIPIO (ID_MUNICIPIO, DEPARTAMENTO_ID_DEPARTAMENTO, NOMBRE, CODIGO) VALUES (288, 17, 'POPTUN', 12);
INSERT INTO MUNICIPIO (ID_MUNICIPIO, DEPARTAMENTO_ID_DEPARTAMENTO, NOMBRE, CODIGO) VALUES (289, 17, 'LAS CRUCES', 13);
INSERT INTO MUNICIPIO (ID_MUNICIPIO, DEPARTAMENTO_ID_DEPARTAMENTO, NOMBRE, CODIGO) VALUES (290, 18, 'PUERTO BARRIOS', 1);
INSERT INTO MUNICIPIO (ID_MUNICIPIO, DEPARTAMENTO_ID_DEPARTAMENTO, NOMBRE, CODIGO) VALUES (291, 18, 'LIVINGSTON', 2);
INSERT INTO MUNICIPIO (ID_MUNICIPIO, DEPARTAMENTO_ID_DEPARTAMENTO, NOMBRE, CODIGO) VALUES (292, 18, 'EL ESTOR', 3);
INSERT INTO MUNICIPIO (ID_MUNICIPIO, DEPARTAMENTO_ID_DEPARTAMENTO, NOMBRE, CODIGO) VALUES (293, 18, 'MORALES', 4);
INSERT INTO MUNICIPIO (ID_MUNICIPIO, DEPARTAMENTO_ID_DEPARTAMENTO, NOMBRE, CODIGO) VALUES (294, 18, 'LOS AMATES', 5);
INSERT INTO MUNICIPIO (ID_MUNICIPIO, DEPARTAMENTO_ID_DEPARTAMENTO, NOMBRE, CODIGO) VALUES (295, 19, 'ZACAPA', 1);
INSERT INTO MUNICIPIO (ID_MUNICIPIO, DEPARTAMENTO_ID_DEPARTAMENTO, NOMBRE, CODIGO) VALUES (296, 19, 'ESTANZUELA', 2);
INSERT INTO MUNICIPIO (ID_MUNICIPIO, DEPARTAMENTO_ID_DEPARTAMENTO, NOMBRE, CODIGO) VALUES (297, 19, 'RIO HONDO', 3);
INSERT INTO MUNICIPIO (ID_MUNICIPIO, DEPARTAMENTO_ID_DEPARTAMENTO, NOMBRE, CODIGO) VALUES (298, 19, 'GUALAN', 4);
INSERT INTO MUNICIPIO (ID_MUNICIPIO, DEPARTAMENTO_ID_DEPARTAMENTO, NOMBRE, CODIGO) VALUES (299, 19, 'TECULUTAN', 5);
INSERT INTO MUNICIPIO (ID_MUNICIPIO, DEPARTAMENTO_ID_DEPARTAMENTO, NOMBRE, CODIGO) VALUES (300, 19, 'USUMATLAN', 6);
INSERT INTO MUNICIPIO (ID_MUNICIPIO, DEPARTAMENTO_ID_DEPARTAMENTO, NOMBRE, CODIGO) VALUES (301, 19, 'CABAÑAS', 7);
INSERT INTO MUNICIPIO (ID_MUNICIPIO, DEPARTAMENTO_ID_DEPARTAMENTO, NOMBRE, CODIGO) VALUES (302, 19, 'SAN DIEGO', 8);
INSERT INTO MUNICIPIO (ID_MUNICIPIO, DEPARTAMENTO_ID_DEPARTAMENTO, NOMBRE, CODIGO) VALUES (303, 19, 'LA UNION', 9);
INSERT INTO MUNICIPIO (ID_MUNICIPIO, DEPARTAMENTO_ID_DEPARTAMENTO, NOMBRE, CODIGO) VALUES (304, 19, 'HUITE', 10);
INSERT INTO MUNICIPIO (ID_MUNICIPIO, DEPARTAMENTO_ID_DEPARTAMENTO, NOMBRE, CODIGO) VALUES (305, 20, 'CHIQUIMULA', 1);
INSERT INTO MUNICIPIO (ID_MUNICIPIO, DEPARTAMENTO_ID_DEPARTAMENTO, NOMBRE, CODIGO) VALUES (306, 20, 'SAN JOSE LA ARADA', 2);
INSERT INTO MUNICIPIO (ID_MUNICIPIO, DEPARTAMENTO_ID_DEPARTAMENTO, NOMBRE, CODIGO) VALUES (307, 20, 'SAN JUAN ERMITA', 3);
INSERT INTO MUNICIPIO (ID_MUNICIPIO, DEPARTAMENTO_ID_DEPARTAMENTO, NOMBRE, CODIGO) VALUES (308, 20, 'JOCOTAN', 4);
INSERT INTO MUNICIPIO (ID_MUNICIPIO, DEPARTAMENTO_ID_DEPARTAMENTO, NOMBRE, CODIGO) VALUES (309, 20, 'CAMOTAN', 5);
INSERT INTO MUNICIPIO (ID_MUNICIPIO, DEPARTAMENTO_ID_DEPARTAMENTO, NOMBRE, CODIGO) VALUES (310, 20, 'OLOPA', 6);
INSERT INTO MUNICIPIO (ID_MUNICIPIO, DEPARTAMENTO_ID_DEPARTAMENTO, NOMBRE, CODIGO) VALUES (311, 20, 'ESQUIPULAS', 7);
INSERT INTO MUNICIPIO (ID_MUNICIPIO, DEPARTAMENTO_ID_DEPARTAMENTO, NOMBRE, CODIGO) VALUES (312, 20, 'CONCEPCION LAS MINAS', 8);
INSERT INTO MUNICIPIO (ID_MUNICIPIO, DEPARTAMENTO_ID_DEPARTAMENTO, NOMBRE, CODIGO) VALUES (313, 20, 'QUEZALTEPEQUE', 9);
INSERT INTO MUNICIPIO (ID_MUNICIPIO, DEPARTAMENTO_ID_DEPARTAMENTO, NOMBRE, CODIGO) VALUES (314, 20, 'SAN JACINTO', 10);
INSERT INTO MUNICIPIO (ID_MUNICIPIO, DEPARTAMENTO_ID_DEPARTAMENTO, NOMBRE, CODIGO) VALUES (315, 20, 'IPALA', 11);
INSERT INTO MUNICIPIO (ID_MUNICIPIO, DEPARTAMENTO_ID_DEPARTAMENTO, NOMBRE, CODIGO) VALUES (316, 21, 'JALAPA', 1);
INSERT INTO MUNICIPIO (ID_MUNICIPIO, DEPARTAMENTO_ID_DEPARTAMENTO, NOMBRE, CODIGO) VALUES (317, 21, 'SAN PEDRO PINULA', 2);
INSERT INTO MUNICIPIO (ID_MUNICIPIO, DEPARTAMENTO_ID_DEPARTAMENTO, NOMBRE, CODIGO) VALUES (318, 21, 'SAN LUIS JILOTEPEQUE', 3);
INSERT INTO MUNICIPIO (ID_MUNICIPIO, DEPARTAMENTO_ID_DEPARTAMENTO, NOMBRE, CODIGO) VALUES (319, 21, 'SAN MANUEL CHAPARRON', 4);
INSERT INTO MUNICIPIO (ID_MUNICIPIO, DEPARTAMENTO_ID_DEPARTAMENTO, NOMBRE, CODIGO) VALUES (320, 21, 'SAN CARLOS ALZATATE', 5);
INSERT INTO MUNICIPIO (ID_MUNICIPIO, DEPARTAMENTO_ID_DEPARTAMENTO, NOMBRE, CODIGO) VALUES (321, 21, 'MONJAS', 6);
INSERT INTO MUNICIPIO (ID_MUNICIPIO, DEPARTAMENTO_ID_DEPARTAMENTO, NOMBRE, CODIGO) VALUES (322, 21, 'MATAQUESCUINTLA', 7);
INSERT INTO MUNICIPIO (ID_MUNICIPIO, DEPARTAMENTO_ID_DEPARTAMENTO, NOMBRE, CODIGO) VALUES (323, 22, 'JUTIAPA', 1);
INSERT INTO MUNICIPIO (ID_MUNICIPIO, DEPARTAMENTO_ID_DEPARTAMENTO, NOMBRE, CODIGO) VALUES (324, 22, 'EL PROGRESO', 2);
INSERT INTO MUNICIPIO (ID_MUNICIPIO, DEPARTAMENTO_ID_DEPARTAMENTO, NOMBRE, CODIGO) VALUES (325, 22, 'SANTA CATARINA MITA', 3);
INSERT INTO MUNICIPIO (ID_MUNICIPIO, DEPARTAMENTO_ID_DEPARTAMENTO, NOMBRE, CODIGO) VALUES (326, 22, 'AGUA BLANCA', 4);
INSERT INTO MUNICIPIO (ID_MUNICIPIO, DEPARTAMENTO_ID_DEPARTAMENTO, NOMBRE, CODIGO) VALUES (327, 22, 'ASUNCION MITA', 5);
INSERT INTO MUNICIPIO (ID_MUNICIPIO, DEPARTAMENTO_ID_DEPARTAMENTO, NOMBRE, CODIGO) VALUES (328, 22, 'YUPILTEPEQUE', 6);
INSERT INTO MUNICIPIO (ID_MUNICIPIO, DEPARTAMENTO_ID_DEPARTAMENTO, NOMBRE, CODIGO) VALUES (329, 22, 'ATESCATEMPA', 7);
INSERT INTO MUNICIPIO (ID_MUNICIPIO, DEPARTAMENTO_ID_DEPARTAMENTO, NOMBRE, CODIGO) VALUES (330, 22, 'JEREZ', 8);
INSERT INTO MUNICIPIO (ID_MUNICIPIO, DEPARTAMENTO_ID_DEPARTAMENTO, NOMBRE, CODIGO) VALUES (331, 22, 'EL ADELANTO', 9);
INSERT INTO MUNICIPIO (ID_MUNICIPIO, DEPARTAMENTO_ID_DEPARTAMENTO, NOMBRE, CODIGO) VALUES (332, 22, 'ZAPOTITLAN', 10);
INSERT INTO MUNICIPIO (ID_MUNICIPIO, DEPARTAMENTO_ID_DEPARTAMENTO, NOMBRE, CODIGO) VALUES (333, 22, 'COMAPA', 11);
INSERT INTO MUNICIPIO (ID_MUNICIPIO, DEPARTAMENTO_ID_DEPARTAMENTO, NOMBRE, CODIGO) VALUES (334, 22, 'JALPATAGUA', 12);
INSERT INTO MUNICIPIO (ID_MUNICIPIO, DEPARTAMENTO_ID_DEPARTAMENTO, NOMBRE, CODIGO) VALUES (335, 22, 'CONGUACO', 13);
INSERT INTO MUNICIPIO (ID_MUNICIPIO, DEPARTAMENTO_ID_DEPARTAMENTO, NOMBRE, CODIGO) VALUES (336, 22, 'MOYUTA', 14);
INSERT INTO MUNICIPIO (ID_MUNICIPIO, DEPARTAMENTO_ID_DEPARTAMENTO, NOMBRE, CODIGO) VALUES (337, 22, 'PASACO', 15);
INSERT INTO MUNICIPIO (ID_MUNICIPIO, DEPARTAMENTO_ID_DEPARTAMENTO, NOMBRE, CODIGO) VALUES (338, 22, 'SAN JOSE ACATEMPA', 16);
INSERT INTO MUNICIPIO (ID_MUNICIPIO, DEPARTAMENTO_ID_DEPARTAMENTO, NOMBRE, CODIGO) VALUES (339, 22, 'QUESADA', 17);
INSERT INTO MUNICIPIO (ID_MUNICIPIO, DEPARTAMENTO_ID_DEPARTAMENTO, NOMBRE, CODIGO) VALUES (340, 7, 'NAHUALA ALDEA XEJUYUP', 20);
INSERT INTO MUNICIPIO (ID_MUNICIPIO, DEPARTAMENTO_ID_DEPARTAMENTO, NOMBRE, CODIGO) VALUES (341, 7, 'SANTA CATARINA IXTAHUACAN GUINEALES', 21);
INSERT INTO MUNICIPIO (ID_MUNICIPIO, DEPARTAMENTO_ID_DEPARTAMENTO, NOMBRE, CODIGO) VALUES (342, 7, 'SANTA CATARINA IXTAHUACAN LA CEIBA', 22);
INSERT INTO MUNICIPIO (ID_MUNICIPIO, DEPARTAMENTO_ID_DEPARTAMENTO, NOMBRE, CODIGO) VALUES (343, 7, 'SANTA CRUZ LA LAGUNA EN SAN JOSE CHACAYA', 23);
INSERT INTO MUNICIPIO (ID_MUNICIPIO, DEPARTAMENTO_ID_DEPARTAMENTO, NOMBRE, CODIGO) VALUES (344, 10, 'LA MAQUINA', 21);
INSERT INTO MUNICIPIO (ID_MUNICIPIO, DEPARTAMENTO_ID_DEPARTAMENTO, NOMBRE, CODIGO) VALUES (345, 12, 'LA BLANCA', 31);
INSERT INTO MUNICIPIO (ID_MUNICIPIO, DEPARTAMENTO_ID_DEPARTAMENTO, NOMBRE, CODIGO) VALUES (346, 17, 'EL CHAL', 14);
INSERT INTO MUNICIPIO (ID_MUNICIPIO, DEPARTAMENTO_ID_DEPARTAMENTO, NOMBRE, CODIGO) VALUES (347, 19, 'SAN JORGE', 11);
INSERT INTO MUNICIPIO (ID_MUNICIPIO, DEPARTAMENTO_ID_DEPARTAMENTO, NOMBRE, CODIGO) VALUES (348, 16, 'CALDERAS', 18);

-- ---- CENTRO ----
INSERT INTO CENTRO (ID_CENTRO, NOMBRE) VALUES (1, 'CENTRO 1');
INSERT INTO CENTRO (ID_CENTRO, NOMBRE) VALUES (2, 'CENTRO 2');
INSERT INTO CENTRO (ID_CENTRO, NOMBRE) VALUES (3, 'CENTRO 3');
INSERT INTO CENTRO (ID_CENTRO, NOMBRE) VALUES (4, 'CENTRO 4');
INSERT INTO CENTRO (ID_CENTRO, NOMBRE) VALUES (5, 'CENTRO 5');

-- ---- ESCUELA ----
INSERT INTO ESCUELA (ID_ESCUELA, NOMBRE, DIRECCION, ACUERDO) VALUES (1, 'ESCUELA 1', 'GUATEMALA ZONA 1', 'A-03-2023');
INSERT INTO ESCUELA (ID_ESCUELA, NOMBRE, DIRECCION, ACUERDO) VALUES (2, 'ESCUELA 2', 'VILLA NUEVA', 'A-043-2023');
INSERT INTO ESCUELA (ID_ESCUELA, NOMBRE, DIRECCION, ACUERDO) VALUES (3, 'ESCUELA 3', 'ESCUINTLA', 'A-152-2023');

-- ---- UBICACION ----
INSERT INTO UBICACION (ESCUELA_ID_ESCUELA, CENTRO_ID_CENTRO) VALUES (1, 1);
INSERT INTO UBICACION (ESCUELA_ID_ESCUELA, CENTRO_ID_CENTRO) VALUES (2, 1);
INSERT INTO UBICACION (ESCUELA_ID_ESCUELA, CENTRO_ID_CENTRO) VALUES (3, 1);
INSERT INTO UBICACION (ESCUELA_ID_ESCUELA, CENTRO_ID_CENTRO) VALUES (1, 2);
INSERT INTO UBICACION (ESCUELA_ID_ESCUELA, CENTRO_ID_CENTRO) VALUES (2, 3);
INSERT INTO UBICACION (ESCUELA_ID_ESCUELA, CENTRO_ID_CENTRO) VALUES (3, 4);
INSERT INTO UBICACION (ESCUELA_ID_ESCUELA, CENTRO_ID_CENTRO) VALUES (3, 5);

-- ---- PREGUNTAS ----
INSERT INTO PREGUNTAS (ID, PREGUNTA_TEXTO, RESPUESTA, RES1, RES2, RES3, RES4) VALUES (1, 'A CUANTO ASCIENDE LA MULTA POR NO PORTAR LICENCIA DE CONDUCIR?', 3, 'Q50', 'Q100', 'Q200', 'Q300');
INSERT INTO PREGUNTAS (ID, PREGUNTA_TEXTO, RESPUESTA, RES1, RES2, RES3, RES4) VALUES (2, '¿CUAL ES EL MONTO DE LA MULTA POR TIRAR O LANZAR BASURA U OTROS OBJETOS DESDE UN VEHÍCULO ESTACIONADO O EN MOVIMIENTO?', 3, 'Q 100', 'Q 200', 'Q 300', 'Q 400');
INSERT INTO PREGUNTAS (ID, PREGUNTA_TEXTO, RESPUESTA, RES1, RES2, RES3, RES4) VALUES (3, '¿CUAL ES EL MONTO DE LA MULTA POR CIRCULAR SIN LUZ BAJA DURANTE EL DÍA?', 4, 'Q 200', 'Q 400', 'Q 500', 'Q 100');
INSERT INTO PREGUNTAS (ID, PREGUNTA_TEXTO, RESPUESTA, RES1, RES2, RES3, RES4) VALUES (4, '¿EN QUE CASO SE APLICARA MULTA DE DOSCIENTOS QUETZALES?', 1, 'Por portar las placas de circulación en lugares no autorizados', 'Por circular en el arcen sin causa justificada', 'Por realizar carreras en la vía publica', 'Ninguna es correcta');
INSERT INTO PREGUNTAS (ID, PREGUNTA_TEXTO, RESPUESTA, RES1, RES2, RES3, RES4) VALUES (5, '¿EN QUE CASO SE APLICARA MULTA DE QUINIENTOS QUETZALES?', 3, 'Por retroceder en autopistas y vías rápidas', 'Por rebasar en lugares prohibidos', 'Por circular con vehículos de carga en horario restringido', 'Ninguna es correcta');
INSERT INTO PREGUNTAS (ID, PREGUNTA_TEXTO, RESPUESTA, RES1, RES2, RES3, RES4) VALUES (6, '¿EN CUAL DE LOS SIGUIENTES CASOS SE APLICARA MULTA DE CUATROCIENTOS QUETZALES?', 1, 'Por conducir sin tener licencia', 'Por no portar licencia de conducir', 'Por circular en el arcén sin causa justificada', 'Por estacionarse en lugares prohibidos');
INSERT INTO PREGUNTAS (ID, PREGUNTA_TEXTO, RESPUESTA, RES1, RES2, RES3, RES4) VALUES (7, '¿CUAL ES EL MONTO DE LA MULTA POR ESTACIONAR EL VEHÍCULO  EN UN LUGAR NO PERMITIDO SIMULANDO FALLA MECÁNICA?', 2, 'Q 50', 'Q 400', 'Q 200', 'Q 100');
INSERT INTO PREGUNTAS (ID, PREGUNTA_TEXTO, RESPUESTA, RES1, RES2, RES3, RES4) VALUES (8, '¿CUAL ES EL MONTO DE LA MULTA POR CIRCULAR EN CONTRA LA VÍA SEÑALIZADA O AUTORIZADA?', 2, 'Q 400', 'Q 200', 'Q 600', 'Q 100');
INSERT INTO PREGUNTAS (ID, PREGUNTA_TEXTO, RESPUESTA, RES1, RES2, RES3, RES4) VALUES (9, '¿CUAL ES EL MONTO DE LA MULTA POR CONDUCIR CON LICENCIA VENCIDA?', 2, 'Q 100', 'Q 300', 'Q 200', 'Q 500');
INSERT INTO PREGUNTAS (ID, PREGUNTA_TEXTO, RESPUESTA, RES1, RES2, RES3, RES4) VALUES (10, '¿ES LA MULTA POR NO FACILITAR LA INCORPORACIÓN AL TRANSITO A OTROS VEHÍCULOS?', 3, '500', '300', '100', '400');
INSERT INTO PREGUNTAS (ID, PREGUNTA_TEXTO, RESPUESTA, RES1, RES2, RES3, RES4) VALUES (11, '¿CUAL ES LA MULTA POR NO PORTAR EL CINTURÓN DE SEGURIDAD?', 3, 'Q 50', 'Q 400', 'Q 200', 'Q 300');
INSERT INTO PREGUNTAS (ID, PREGUNTA_TEXTO, RESPUESTA, RES1, RES2, RES3, RES4) VALUES (12, '¿CUAL ES LA MULTA POR NO RESPETAR EL LIMITE DE VELOCIDAD?', 4, 'Q 100', 'Q 200', 'Q 500', 'Q 300');
INSERT INTO PREGUNTAS (ID, PREGUNTA_TEXTO, RESPUESTA, RES1, RES2, RES3, RES4) VALUES (13, '¿A CUANTO ASCIENDE LA MULTA POR NO PORTAR LICENCIA DE CONDUCIR?', 3, '50', '100', '200', '300');
INSERT INTO PREGUNTAS (ID, PREGUNTA_TEXTO, RESPUESTA, RES1, RES2, RES3, RES4) VALUES (14, '¿CUAL ES LA MULTA POR NO PORTAR EL EQUIPAMIENTO BÁSICO DE SU VEHÍCULO?', 2, '100', '200', '300', '400');
INSERT INTO PREGUNTAS (ID, PREGUNTA_TEXTO, RESPUESTA, RES1, RES2, RES3, RES4) VALUES (15, '¿EL ARCEN ES UNA FRANJA PARALELA A LA CALZADA Y PUEDEN USARLA? ', 2, 'Para rebasar', 'Los vehículos con alguna emergencia ', 'Estacionarse', 'Todas son correctas ');
INSERT INTO PREGUNTAS (ID, PREGUNTA_TEXTO, RESPUESTA, RES1, RES2, RES3, RES4) VALUES (16, '¿POR REGLA GENERAL ESTA PROHIBIDO? ', 1, 'Bocinarle al automóvil de en frente para apurarlo', 'Rebasar por el carril izquierdo', 'Detenerse cuando exista la señal de alto ', 'Ninguna es correcta ');
INSERT INTO PREGUNTAS (ID, PREGUNTA_TEXTO, RESPUESTA, RES1, RES2, RES3, RES4) VALUES (17, '¿UD. VA MANEJANDO Y EL COPILOTO TIRA BASURA POR LA VENTANA? ', 1, 'Multan al piloto por ser el conductor ', 'Es permitido hacerlo y no multan a nadie ', 'Multan a quien tiro la basura ', 'Ninguna es correcta ');
INSERT INTO PREGUNTAS (ID, PREGUNTA_TEXTO, RESPUESTA, RES1, RES2, RES3, RES4) VALUES (18, '¿CARRIL QUE SIRVE PARA REALIZAR UN DESVIO EN UNA CALZADA? ', 1, 'Carril auxiliar ', 'Carril de aceleración ', 'Carril de desaceleracion ', 'Ninguna es correcta ');
INSERT INTO PREGUNTAS (ID, PREGUNTA_TEXTO, RESPUESTA, RES1, RES2, RES3, RES4) VALUES (19, '¿QUE NOS INDICA EL SEMÁFORO EN ROJO? ', 4, 'Continuar la marcha ', 'Aproximación a cruce ', 'Ceder el paso', 'Detenerse obligatoriamente ');
INSERT INTO PREGUNTAS (ID, PREGUNTA_TEXTO, RESPUESTA, RES1, RES2, RES3, RES4) VALUES (20, '¿DE QUE COLOR ESTÁN PINTADAS LAS SEÑALES PREVENTIVAS?', 2, 'Amarillo y azul ', 'Amarillo y negro ', 'Amarillo y rojo', 'Amarillo y blanco ');
INSERT INTO PREGUNTAS (ID, PREGUNTA_TEXTO, RESPUESTA, RES1, RES2, RES3, RES4) VALUES (21, '¿QUE FUNCIÓN CUMPLE LA LINEA DOBLE AMARILLA PINTADA EN LA CARRETERA?', 3, 'Divide carriles en un solo sentido', 'Permite rebasar o adelantar', 'Divide grupos de carriles que van en diferentes sentido de circulacion', 'Ninguna es correcta');
INSERT INTO PREGUNTAS (ID, PREGUNTA_TEXTO, RESPUESTA, RES1, RES2, RES3, RES4) VALUES (22, '¿DE QUE COLORES ESTÁN PINTADAS LAS SEÑALES CIRCUNSTANCIALES (TEMPORALES)?', 3, 'Azul, verde y blanco ', 'Blanco,rojo y negro ', 'Naranja ', NULL);
INSERT INTO PREGUNTAS (ID, PREGUNTA_TEXTO, RESPUESTA, RES1, RES2, RES3, RES4) VALUES (23, '¿EN QUE CASO SE APLICAN MULTAS DE Q1,000?', 1, 'Por faltarle el respeto a la autoridad ', 'Por pasar un semáforo en rojo ', 'Por atropellar un peatón ', 'Todas son correctas ');
INSERT INTO PREGUNTAS (ID, PREGUNTA_TEXTO, RESPUESTA, RES1, RES2, RES3, RES4) VALUES (24, '¿QUE ES LA LICENCIA DE CONDUCIR?', 1, 'Documento que identifica al conductor ', 'Documento de identifica al pasajero ', 'Documento que identifica al vehículo ', 'Ninguna es correcta');
INSERT INTO PREGUNTAS (ID, PREGUNTA_TEXTO, RESPUESTA, RES1, RES2, RES3, RES4) VALUES (25, '¿POR SU PESO COMO SE CLASIFICA UNA MOTOCICLETA?', 2, 'Pesada ', 'Ligero ', 'Especial ', 'Ninguna es correcta ');

-- ---- PREGUNTAS_PRACTICO ----
INSERT INTO PREGUNTAS_PRACTICO (ID_PREGUNTA_PRACTICO, PREGUNTA_TEXTO, PUNTEO) VALUES (1, 'Abrochó y colocó correctamente cinturón de seguridad', 10);
INSERT INTO PREGUNTAS_PRACTICO (ID_PREGUNTA_PRACTICO, PREGUNTA_TEXTO, PUNTEO) VALUES (2, 'Arranque en rampa', 10);
INSERT INTO PREGUNTAS_PRACTICO (ID_PREGUNTA_PRACTICO, PREGUNTA_TEXTO, PUNTEO) VALUES (3, 'Cambio de sentido en espacio limitado', 10);
INSERT INTO PREGUNTAS_PRACTICO (ID_PREGUNTA_PRACTICO, PREGUNTA_TEXTO, PUNTEO) VALUES (4, 'Realización de zigzag de frente', 10);
INSERT INTO PREGUNTAS_PRACTICO (ID_PREGUNTA_PRACTICO, PREGUNTA_TEXTO, PUNTEO) VALUES (5, 'Prueba de 3 puntos', 10);
INSERT INTO PREGUNTAS_PRACTICO (ID_PREGUNTA_PRACTICO, PREGUNTA_TEXTO, PUNTEO) VALUES (6, 'En paralelo', 10);
INSERT INTO PREGUNTAS_PRACTICO (ID_PREGUNTA_PRACTICO, PREGUNTA_TEXTO, PUNTEO) VALUES (7, 'Usó y abrochó casco', 10);
INSERT INTO PREGUNTAS_PRACTICO (ID_PREGUNTA_PRACTICO, PREGUNTA_TEXTO, PUNTEO) VALUES (8, 'Zigzag lento', 10);
INSERT INTO PREGUNTAS_PRACTICO (ID_PREGUNTA_PRACTICO, PREGUNTA_TEXTO, PUNTEO) VALUES (9, 'Zigzag rápido', 10);
INSERT INTO PREGUNTAS_PRACTICO (ID_PREGUNTA_PRACTICO, PREGUNTA_TEXTO, PUNTEO) VALUES (10, 'Evitar un obstáculo', 10);

-- ---- REGISTRO ----
INSERT INTO REGISTRO (ID_REGISTRO, UBICACION_ESCUELA_ID_ESCUELA, UBICACION_CENTRO_ID_CENTRO, MUNICIPIO_ID_MUNICIPIO, MUNICIPIO_DEPARTAMENTO_ID_DEPARTAMENTO, FECHA, TIPO_TRAMITE, TIPO_LICENCIA, NOMBRE_COMPLETO, GENERO) VALUES (1, 1, 1, 1, 1, TO_DATE('13/03/2023','DD/MM/YYYY'), 'PRIMER_LICENCIA', 'C', 'JUAN PEREZ', 'M');
INSERT INTO REGISTRO (ID_REGISTRO, UBICACION_ESCUELA_ID_ESCUELA, UBICACION_CENTRO_ID_CENTRO, MUNICIPIO_ID_MUNICIPIO, MUNICIPIO_DEPARTAMENTO_ID_DEPARTAMENTO, FECHA, TIPO_TRAMITE, TIPO_LICENCIA, NOMBRE_COMPLETO, GENERO) VALUES (2, 2, 1, 14, 1, TO_DATE('13/03/2023','DD/MM/YYYY'), 'TRASPASO', 'B', 'LIDIA LOPEZ', 'F');

-- ---- CORRELATIVO ----
INSERT INTO CORRELATIVO (ID_CORRELATIVO, FECHA, NO_EXAMEN) VALUES (1, TO_DATE('13/03/2023','DD/MM/YYYY'), 1);
INSERT INTO CORRELATIVO (ID_CORRELATIVO, FECHA, NO_EXAMEN) VALUES (2, TO_DATE('13/03/2023','DD/MM/YYYY'), 2);

-- ---- EXAMEN ----
INSERT INTO EXAMEN (ID_EXAMEN, REGISTRO_ID_ESCUELA, REGISTRO_ID_CENTRO, REGISTRO_MUNICIPIO_ID_MUNICIPIO, REGISTRO_MUNICIPIO_DEPARTAMENTO_ID_DEPARTAMENTO, REGISTRO_ID_REGISTRO, CORRELATIVO_ID_CORRELATIVO) VALUES (1, 1, 1, 1, 1, 1, 1);
INSERT INTO EXAMEN (ID_EXAMEN, REGISTRO_ID_ESCUELA, REGISTRO_ID_CENTRO, REGISTRO_MUNICIPIO_ID_MUNICIPIO, REGISTRO_MUNICIPIO_DEPARTAMENTO_ID_DEPARTAMENTO, REGISTRO_ID_REGISTRO, CORRELATIVO_ID_CORRELATIVO) VALUES (2, 2, 1, 14, 1, 2, 2);

-- ---- RESPUESTA_USUARIO ----
INSERT INTO RESPUESTA_USUARIO (ID_RESPUESTA_USUARIO, PREGUNTA_ID_PREGUNTA, EXAMEN_ID_EXAMEN, RESPUESTA) VALUES (1, 1, 1, 3);
INSERT INTO RESPUESTA_USUARIO (ID_RESPUESTA_USUARIO, PREGUNTA_ID_PREGUNTA, EXAMEN_ID_EXAMEN, RESPUESTA) VALUES (2, 2, 1, 3);
INSERT INTO RESPUESTA_USUARIO (ID_RESPUESTA_USUARIO, PREGUNTA_ID_PREGUNTA, EXAMEN_ID_EXAMEN, RESPUESTA) VALUES (3, 3, 1, 4);
INSERT INTO RESPUESTA_USUARIO (ID_RESPUESTA_USUARIO, PREGUNTA_ID_PREGUNTA, EXAMEN_ID_EXAMEN, RESPUESTA) VALUES (4, 4, 1, 1);
INSERT INTO RESPUESTA_USUARIO (ID_RESPUESTA_USUARIO, PREGUNTA_ID_PREGUNTA, EXAMEN_ID_EXAMEN, RESPUESTA) VALUES (5, 5, 1, 3);
INSERT INTO RESPUESTA_USUARIO (ID_RESPUESTA_USUARIO, PREGUNTA_ID_PREGUNTA, EXAMEN_ID_EXAMEN, RESPUESTA) VALUES (6, 6, 1, 1);
INSERT INTO RESPUESTA_USUARIO (ID_RESPUESTA_USUARIO, PREGUNTA_ID_PREGUNTA, EXAMEN_ID_EXAMEN, RESPUESTA) VALUES (7, 7, 1, 2);
INSERT INTO RESPUESTA_USUARIO (ID_RESPUESTA_USUARIO, PREGUNTA_ID_PREGUNTA, EXAMEN_ID_EXAMEN, RESPUESTA) VALUES (8, 8, 1, 2);
INSERT INTO RESPUESTA_USUARIO (ID_RESPUESTA_USUARIO, PREGUNTA_ID_PREGUNTA, EXAMEN_ID_EXAMEN, RESPUESTA) VALUES (9, 9, 1, 2);
INSERT INTO RESPUESTA_USUARIO (ID_RESPUESTA_USUARIO, PREGUNTA_ID_PREGUNTA, EXAMEN_ID_EXAMEN, RESPUESTA) VALUES (10, 10, 1, 3);
INSERT INTO RESPUESTA_USUARIO (ID_RESPUESTA_USUARIO, PREGUNTA_ID_PREGUNTA, EXAMEN_ID_EXAMEN, RESPUESTA) VALUES (11, 11, 1, 3);
INSERT INTO RESPUESTA_USUARIO (ID_RESPUESTA_USUARIO, PREGUNTA_ID_PREGUNTA, EXAMEN_ID_EXAMEN, RESPUESTA) VALUES (12, 12, 1, 4);
INSERT INTO RESPUESTA_USUARIO (ID_RESPUESTA_USUARIO, PREGUNTA_ID_PREGUNTA, EXAMEN_ID_EXAMEN, RESPUESTA) VALUES (13, 13, 1, 3);
INSERT INTO RESPUESTA_USUARIO (ID_RESPUESTA_USUARIO, PREGUNTA_ID_PREGUNTA, EXAMEN_ID_EXAMEN, RESPUESTA) VALUES (14, 14, 1, 2);
INSERT INTO RESPUESTA_USUARIO (ID_RESPUESTA_USUARIO, PREGUNTA_ID_PREGUNTA, EXAMEN_ID_EXAMEN, RESPUESTA) VALUES (15, 15, 1, 2);
INSERT INTO RESPUESTA_USUARIO (ID_RESPUESTA_USUARIO, PREGUNTA_ID_PREGUNTA, EXAMEN_ID_EXAMEN, RESPUESTA) VALUES (16, 16, 1, 1);
INSERT INTO RESPUESTA_USUARIO (ID_RESPUESTA_USUARIO, PREGUNTA_ID_PREGUNTA, EXAMEN_ID_EXAMEN, RESPUESTA) VALUES (17, 17, 1, 1);
INSERT INTO RESPUESTA_USUARIO (ID_RESPUESTA_USUARIO, PREGUNTA_ID_PREGUNTA, EXAMEN_ID_EXAMEN, RESPUESTA) VALUES (18, 18, 1, 1);
INSERT INTO RESPUESTA_USUARIO (ID_RESPUESTA_USUARIO, PREGUNTA_ID_PREGUNTA, EXAMEN_ID_EXAMEN, RESPUESTA) VALUES (19, 19, 1, 4);
INSERT INTO RESPUESTA_USUARIO (ID_RESPUESTA_USUARIO, PREGUNTA_ID_PREGUNTA, EXAMEN_ID_EXAMEN, RESPUESTA) VALUES (20, 20, 1, 2);
INSERT INTO RESPUESTA_USUARIO (ID_RESPUESTA_USUARIO, PREGUNTA_ID_PREGUNTA, EXAMEN_ID_EXAMEN, RESPUESTA) VALUES (21, 21, 1, 3);
INSERT INTO RESPUESTA_USUARIO (ID_RESPUESTA_USUARIO, PREGUNTA_ID_PREGUNTA, EXAMEN_ID_EXAMEN, RESPUESTA) VALUES (22, 22, 1, 3);
INSERT INTO RESPUESTA_USUARIO (ID_RESPUESTA_USUARIO, PREGUNTA_ID_PREGUNTA, EXAMEN_ID_EXAMEN, RESPUESTA) VALUES (23, 23, 1, 1);
INSERT INTO RESPUESTA_USUARIO (ID_RESPUESTA_USUARIO, PREGUNTA_ID_PREGUNTA, EXAMEN_ID_EXAMEN, RESPUESTA) VALUES (24, 24, 1, 1);
INSERT INTO RESPUESTA_USUARIO (ID_RESPUESTA_USUARIO, PREGUNTA_ID_PREGUNTA, EXAMEN_ID_EXAMEN, RESPUESTA) VALUES (25, 25, 1, 2);
INSERT INTO RESPUESTA_USUARIO (ID_RESPUESTA_USUARIO, PREGUNTA_ID_PREGUNTA, EXAMEN_ID_EXAMEN, RESPUESTA) VALUES (26, 1, 2, 3);
INSERT INTO RESPUESTA_USUARIO (ID_RESPUESTA_USUARIO, PREGUNTA_ID_PREGUNTA, EXAMEN_ID_EXAMEN, RESPUESTA) VALUES (27, 2, 2, 3);
INSERT INTO RESPUESTA_USUARIO (ID_RESPUESTA_USUARIO, PREGUNTA_ID_PREGUNTA, EXAMEN_ID_EXAMEN, RESPUESTA) VALUES (28, 3, 2, 4);
INSERT INTO RESPUESTA_USUARIO (ID_RESPUESTA_USUARIO, PREGUNTA_ID_PREGUNTA, EXAMEN_ID_EXAMEN, RESPUESTA) VALUES (29, 4, 2, 1);
INSERT INTO RESPUESTA_USUARIO (ID_RESPUESTA_USUARIO, PREGUNTA_ID_PREGUNTA, EXAMEN_ID_EXAMEN, RESPUESTA) VALUES (30, 5, 2, 3);
INSERT INTO RESPUESTA_USUARIO (ID_RESPUESTA_USUARIO, PREGUNTA_ID_PREGUNTA, EXAMEN_ID_EXAMEN, RESPUESTA) VALUES (31, 6, 2, 1);
INSERT INTO RESPUESTA_USUARIO (ID_RESPUESTA_USUARIO, PREGUNTA_ID_PREGUNTA, EXAMEN_ID_EXAMEN, RESPUESTA) VALUES (32, 7, 2, 2);
INSERT INTO RESPUESTA_USUARIO (ID_RESPUESTA_USUARIO, PREGUNTA_ID_PREGUNTA, EXAMEN_ID_EXAMEN, RESPUESTA) VALUES (33, 8, 2, 2);
INSERT INTO RESPUESTA_USUARIO (ID_RESPUESTA_USUARIO, PREGUNTA_ID_PREGUNTA, EXAMEN_ID_EXAMEN, RESPUESTA) VALUES (34, 9, 2, 2);
INSERT INTO RESPUESTA_USUARIO (ID_RESPUESTA_USUARIO, PREGUNTA_ID_PREGUNTA, EXAMEN_ID_EXAMEN, RESPUESTA) VALUES (35, 10, 2, 3);
INSERT INTO RESPUESTA_USUARIO (ID_RESPUESTA_USUARIO, PREGUNTA_ID_PREGUNTA, EXAMEN_ID_EXAMEN, RESPUESTA) VALUES (36, 11, 2, 3);
INSERT INTO RESPUESTA_USUARIO (ID_RESPUESTA_USUARIO, PREGUNTA_ID_PREGUNTA, EXAMEN_ID_EXAMEN, RESPUESTA) VALUES (37, 12, 2, 4);
INSERT INTO RESPUESTA_USUARIO (ID_RESPUESTA_USUARIO, PREGUNTA_ID_PREGUNTA, EXAMEN_ID_EXAMEN, RESPUESTA) VALUES (38, 13, 2, 3);
INSERT INTO RESPUESTA_USUARIO (ID_RESPUESTA_USUARIO, PREGUNTA_ID_PREGUNTA, EXAMEN_ID_EXAMEN, RESPUESTA) VALUES (39, 14, 2, 2);
INSERT INTO RESPUESTA_USUARIO (ID_RESPUESTA_USUARIO, PREGUNTA_ID_PREGUNTA, EXAMEN_ID_EXAMEN, RESPUESTA) VALUES (40, 15, 2, 2);
INSERT INTO RESPUESTA_USUARIO (ID_RESPUESTA_USUARIO, PREGUNTA_ID_PREGUNTA, EXAMEN_ID_EXAMEN, RESPUESTA) VALUES (41, 16, 2, 1);
INSERT INTO RESPUESTA_USUARIO (ID_RESPUESTA_USUARIO, PREGUNTA_ID_PREGUNTA, EXAMEN_ID_EXAMEN, RESPUESTA) VALUES (42, 17, 2, 1);
INSERT INTO RESPUESTA_USUARIO (ID_RESPUESTA_USUARIO, PREGUNTA_ID_PREGUNTA, EXAMEN_ID_EXAMEN, RESPUESTA) VALUES (43, 18, 2, 2);
INSERT INTO RESPUESTA_USUARIO (ID_RESPUESTA_USUARIO, PREGUNTA_ID_PREGUNTA, EXAMEN_ID_EXAMEN, RESPUESTA) VALUES (44, 19, 2, 1);
INSERT INTO RESPUESTA_USUARIO (ID_RESPUESTA_USUARIO, PREGUNTA_ID_PREGUNTA, EXAMEN_ID_EXAMEN, RESPUESTA) VALUES (45, 20, 2, 3);
INSERT INTO RESPUESTA_USUARIO (ID_RESPUESTA_USUARIO, PREGUNTA_ID_PREGUNTA, EXAMEN_ID_EXAMEN, RESPUESTA) VALUES (46, 21, 2, 1);
INSERT INTO RESPUESTA_USUARIO (ID_RESPUESTA_USUARIO, PREGUNTA_ID_PREGUNTA, EXAMEN_ID_EXAMEN, RESPUESTA) VALUES (47, 22, 2, 1);
INSERT INTO RESPUESTA_USUARIO (ID_RESPUESTA_USUARIO, PREGUNTA_ID_PREGUNTA, EXAMEN_ID_EXAMEN, RESPUESTA) VALUES (48, 23, 2, 3);
INSERT INTO RESPUESTA_USUARIO (ID_RESPUESTA_USUARIO, PREGUNTA_ID_PREGUNTA, EXAMEN_ID_EXAMEN, RESPUESTA) VALUES (49, 24, 2, 2);
INSERT INTO RESPUESTA_USUARIO (ID_RESPUESTA_USUARIO, PREGUNTA_ID_PREGUNTA, EXAMEN_ID_EXAMEN, RESPUESTA) VALUES (50, 25, 2, 4);

-- ---- RESPUESTA_PRACTICO_USUARIO ----
INSERT INTO RESPUESTA_PRACTICO_USUARIO (ID_RESPUESTA_PRACTICO, PREGUNTA_PRACTICO_ID_PREGUNTA_PRACTICO, EXAMEN_ID_EXAMEN, NOTA) VALUES (1, 1, 1, 9);
INSERT INTO RESPUESTA_PRACTICO_USUARIO (ID_RESPUESTA_PRACTICO, PREGUNTA_PRACTICO_ID_PREGUNTA_PRACTICO, EXAMEN_ID_EXAMEN, NOTA) VALUES (2, 2, 1, 9);
INSERT INTO RESPUESTA_PRACTICO_USUARIO (ID_RESPUESTA_PRACTICO, PREGUNTA_PRACTICO_ID_PREGUNTA_PRACTICO, EXAMEN_ID_EXAMEN, NOTA) VALUES (3, 3, 1, 9);
INSERT INTO RESPUESTA_PRACTICO_USUARIO (ID_RESPUESTA_PRACTICO, PREGUNTA_PRACTICO_ID_PREGUNTA_PRACTICO, EXAMEN_ID_EXAMEN, NOTA) VALUES (4, 4, 1, 9);
INSERT INTO RESPUESTA_PRACTICO_USUARIO (ID_RESPUESTA_PRACTICO, PREGUNTA_PRACTICO_ID_PREGUNTA_PRACTICO, EXAMEN_ID_EXAMEN, NOTA) VALUES (5, 5, 1, 9);
INSERT INTO RESPUESTA_PRACTICO_USUARIO (ID_RESPUESTA_PRACTICO, PREGUNTA_PRACTICO_ID_PREGUNTA_PRACTICO, EXAMEN_ID_EXAMEN, NOTA) VALUES (6, 6, 1, 9);
INSERT INTO RESPUESTA_PRACTICO_USUARIO (ID_RESPUESTA_PRACTICO, PREGUNTA_PRACTICO_ID_PREGUNTA_PRACTICO, EXAMEN_ID_EXAMEN, NOTA) VALUES (7, 7, 1, 9);
INSERT INTO RESPUESTA_PRACTICO_USUARIO (ID_RESPUESTA_PRACTICO, PREGUNTA_PRACTICO_ID_PREGUNTA_PRACTICO, EXAMEN_ID_EXAMEN, NOTA) VALUES (8, 8, 1, 9);
INSERT INTO RESPUESTA_PRACTICO_USUARIO (ID_RESPUESTA_PRACTICO, PREGUNTA_PRACTICO_ID_PREGUNTA_PRACTICO, EXAMEN_ID_EXAMEN, NOTA) VALUES (9, 9, 1, 9);
INSERT INTO RESPUESTA_PRACTICO_USUARIO (ID_RESPUESTA_PRACTICO, PREGUNTA_PRACTICO_ID_PREGUNTA_PRACTICO, EXAMEN_ID_EXAMEN, NOTA) VALUES (10, 10, 1, 9);
INSERT INTO RESPUESTA_PRACTICO_USUARIO (ID_RESPUESTA_PRACTICO, PREGUNTA_PRACTICO_ID_PREGUNTA_PRACTICO, EXAMEN_ID_EXAMEN, NOTA) VALUES (11, 1, 2, 10);
INSERT INTO RESPUESTA_PRACTICO_USUARIO (ID_RESPUESTA_PRACTICO, PREGUNTA_PRACTICO_ID_PREGUNTA_PRACTICO, EXAMEN_ID_EXAMEN, NOTA) VALUES (12, 2, 2, 10);
INSERT INTO RESPUESTA_PRACTICO_USUARIO (ID_RESPUESTA_PRACTICO, PREGUNTA_PRACTICO_ID_PREGUNTA_PRACTICO, EXAMEN_ID_EXAMEN, NOTA) VALUES (13, 3, 2, 10);
INSERT INTO RESPUESTA_PRACTICO_USUARIO (ID_RESPUESTA_PRACTICO, PREGUNTA_PRACTICO_ID_PREGUNTA_PRACTICO, EXAMEN_ID_EXAMEN, NOTA) VALUES (14, 4, 2, 10);
INSERT INTO RESPUESTA_PRACTICO_USUARIO (ID_RESPUESTA_PRACTICO, PREGUNTA_PRACTICO_ID_PREGUNTA_PRACTICO, EXAMEN_ID_EXAMEN, NOTA) VALUES (15, 5, 2, 10);
INSERT INTO RESPUESTA_PRACTICO_USUARIO (ID_RESPUESTA_PRACTICO, PREGUNTA_PRACTICO_ID_PREGUNTA_PRACTICO, EXAMEN_ID_EXAMEN, NOTA) VALUES (16, 6, 2, 10);
INSERT INTO RESPUESTA_PRACTICO_USUARIO (ID_RESPUESTA_PRACTICO, PREGUNTA_PRACTICO_ID_PREGUNTA_PRACTICO, EXAMEN_ID_EXAMEN, NOTA) VALUES (17, 7, 2, 10);
INSERT INTO RESPUESTA_PRACTICO_USUARIO (ID_RESPUESTA_PRACTICO, PREGUNTA_PRACTICO_ID_PREGUNTA_PRACTICO, EXAMEN_ID_EXAMEN, NOTA) VALUES (18, 8, 2, 10);
INSERT INTO RESPUESTA_PRACTICO_USUARIO (ID_RESPUESTA_PRACTICO, PREGUNTA_PRACTICO_ID_PREGUNTA_PRACTICO, EXAMEN_ID_EXAMEN, NOTA) VALUES (19, 9, 2, 10);
INSERT INTO RESPUESTA_PRACTICO_USUARIO (ID_RESPUESTA_PRACTICO, PREGUNTA_PRACTICO_ID_PREGUNTA_PRACTICO, EXAMEN_ID_EXAMEN, NOTA) VALUES (20, 10, 2, 10);
-- ============================================================
-- REVISION FINAL: ejecuta uno de los dos segun corresponda
-- ============================================================

-- Si todo se cargo correctamente, confirma la transaccion:
-- COMMIT;

-- Si algo salio mal y quieres revertir TODO lo insertado:
-- ROLLBACK;
